﻿REPORTING_YEAR,SYSTEM_NAME,INCIDENT_DATE,INCIDENT_LOCATION,ADVERSE_PARAMETER,ADVERSE_TEST_RESULTS,ADVERSE_TEST_RESULT_UNITS,PARAMETER_REG_LIMIT,RESAMPLE_RESULT,RESAMPLE_RESULT_UNITS,CORRECTIVE_ACTION_DATE,CORRECTIVE_ACTION
2020,Ansnorveldt DWS,2020-04-15,Ansnorveldt Wells 2 and 3,Sodium as Na,41.9,mg/L,Sodium > 20.0 mg/L,41.0,mg/L,2020-04-22,Operator attended site. Resample taken.
2020,Aurora DWS,2020-07-05,Aurora South Reservoir,Chlorine Residual,5.00,mg/L,Combined Chlorine Residual > 4.0 mg/L (Regulatory Relief Sites),2.18,mg/L,2020-07-05,Reported as due diligence. Operator attended site. Facility returned to normal operation. Compliant grab sample taken.
2020,Georgina DWS,2020-04-01,Georgina Water Treatment Plant,Sodium as Na,32.5,mg/L,Sodium > 20.0 mg/L,32.2,mg/L,2020-04-06,Operator attended site. Resample taken.
2020,Georgina DWS,2020-07-08,Georgina Water Treatment Plant,Fluoride as F,5.00,mg/L,Fluoride > 1.5 mg/L,0.75,mg/L,2020-07-08,"Operator attended site, facility restored to normal operation. Compliant grab sample taken."
2020,Georgina DWS,2020-12-04,Georgina Water Treatment Plant,Fluoride as F,2.00,mg/L,Fluoride > 1.5 mg/L,0.63,mg/L,2020-12-04,Flow halted upon alarm and prevented water from entering the distribution system. Operator attended site. Facility returned to normal operation. Compliant grab sample taken.
2020,Georgina DWS,2020-12-17,Georgina Water Treatment Plant,Turbidity,>.1,NTU,Turbidity Did Not Meet <0.1 NTU 99% in Month (Membrane Filtration),0.03,NTU,2020-12-17,"Filter performance monitored continuously, alarms halted flow through affected equipment. Operator attended site, facility restored to normal operation."
2020,Georgina DWS,2020-09-06,Sutton Elevated Tank,Chlorine Residual,0.00,mg/L,Free Chlorine Residual < 0.05 mg/L,1.06,mg/L,2020-09-06,"Operator attended site, facility restored to normal operation. Compliant grab sample taken."
2020,Keswick DWS,2020-02-27,Keswick Water Treatment Plant,Fluoride as F,1.56,mg/L,Fluoride > 1.5 mg/L,0.66,mg/L,2020-02-27,Flow halted upon alarm and prevented water from entering the distribution system. Operator attended site. Facility returned to normal operation. Compliant grab sample taken.
2020,Keswick DWS,2020-03-20,Keswick Water Treatment Plant,Fluoride as F,1.959,mg/L,Fluoride > 1.5 mg/L,0.305,mg/L,2020-03-20,Flow halted upon alarm and prevented water from entering the distribution system. Operator attended site. Facility returned to normal operation. Compliant grab sample taken.
2020,Keswick DWS,2020-03-23,Keswick Water Treatment Plant,Turbidity,2.99,NTU,Turbidity >1.0 NTU,0.065,NTU,2020-03-23,"Filter performance monitored continuously, alarms halted flow through affected equipment. Operator attended site, facility restored to normal operation."
2020,Keswick DWS,2020-05-21,Keswick Water Treatment Plant,Fluoride as F,1.68,mg/L,Fluoride > 1.5 mg/L,0.80,mg/L,2020-05-21,Reported as due diligence. Operator attended site. Facility returned to normal operation. Compliant grab sample taken.
2020,Keswick DWS,2020-08-09,Keswick Water Treatment Plant,Primary Disinfection,no coagulant feed,Unitless,Primary disinfection not met,coagulant feed,Unitless,2020-08-10,"Operator attended site, restored facility to normal operation."
2020,Newmarket DWS,2020-12-29,Glenway Reservoir,Chlorine Residual,4.06,mg/L,Combined Chlorine Residual > 4.0 mg/L (Regulatory Relief Sites),3.40,mg/L,2020-12-29,"Operator attended site, facility restored to normal operation. Compliant grab sample taken."
2020,Schomberg DWS,2020-03-06,Schomberg Elevated Tank,Chlorine Residual,3.07,mg/L,Combined Chlorine Residual > 3.0 mg/L,2.78,mg/L,2020-03-06,"Operator attended site, facility restored to normal operation. Compliant grab sample taken."
2020,Schomberg DWS,2020-03-21,Schomberg Elevated Tank,Chlorine Residual,3.05,mg/L,Combined Chlorine Residual > 3.0 mg/L,2.40,mg/L,2020-03-21,"Operator attended site, facility restored to normal operation. Compliant grab sample taken."
2020,Schomberg DWS,2020-04-15,Schomberg Elevated Tank,Sodium as Na,20.9,mg/L,Sodium > 20.0 mg/L,20.7,mg/L,2020-04-21,Operator attended site. Resample taken.
2020,Schomberg DWS,2020-10-24,Schomberg Elevated Tank,Chlorine Residual,3.27,mg/L,Combined Chlorine Residual > 3.0 mg/L,1.88,mg/L,2020-10-25,"Operator attended site, facility restored to normal operation. Compliant grab sample taken."
2020,Schomberg DWS,2020-11-16,Schomberg Elevated Tank,Chlorine Residual,3.42,mg/L,Combined Chlorine Residual > 3.0 mg/L,2.54,mg/L,2020-11-16,"Operator attended site, facility restored to normal operation. Compliant grab sample taken."
2020,Schomberg DWS,2020-11-25,Schomberg Elevated Tank,Chlorine Residual,3.05,mg/L,Combined Chlorine Residual > 3.0 mg/L,2.28,mg/L,2020-11-25,"Operator attended site, facility restored to normal operation. Compliant grab sample taken."
2020,Schomberg DWS,2020-12-18,Schomberg Elevated Tank,Chlorine Residual,3.18,mg/L,Combined Chlorine Residual > 3.0 mg/L,2.56,mg/L,2020-12-18,"Operator attended site, facility restored to normal operation. Compliant grab sample taken."
2020,Schomberg DWS,2020-04-15,Schomberg WTP,Sodium as Na,20.2,mg/L,Sodium > 20.0 mg/L,19.5,mg/L,2020-04-21,Operator attended site. Resample taken.
2020,Schomberg DWS,2020-11-28,Schomberg WTP,Chlorine Residual,3.00,mg/L,Combined Chlorine Residual > 3.0 mg/L,2.65,mg/L,2020-11-28,"Operator attended site, facility restored to normal operation. Compliant grab sample taken."
2020,Stouffville DWS,2020-05-22,Stouffville Zone 2 Pumping Station and Rechlorination Facility,Chlorine Residual,0.04,mg/L,Free Chlorine Residual < 0.05 mg/L,0.91,mg/L,2020-05-22,"Operator attended site, facility restored to normal operation. Compliant grab sample taken."
2020,Stouffville DWS,2020-08-26,Stouffville Zone 2 Pumping Station and Rechlorination Facility,Chlorine Residual,0.08,mg/L,Free Chlorine Residual < 0.05 mg/L,1.62,mg/L,2020-08-26,"Operator attended site, facility restored to normal operation. Compliant grab sample taken."
2020,York DWS,2020-01-03,Other,System Pressure,0,PSI,System Pressure < 20 psi,>20,PSI,2020-01-07,"Watermain break was repaired, disinfected, and flushed. Microbiological samples confirmed no contamination."
2020,York DWS,2020-04-13,South Maple Pumping Station,Chlorine Residual,3.53,mg/L,Combined Chlorine Residual > 3.0 mg/L,1.91,mg/L,2020-04-13,"Operator attended site, facility restored to normal operation. Compliant grab sample taken."
