﻿REPORTING_YEAR,SYSTEM_NAME,SUPPLY_NAME,PERMITTED_MAX_DAILY_VOL_L,ANNUAL_MAX_DAILY_VOL_m3,ANNUAL_MAX_DAILY_VOL_DAY,ANNUAL_AVG_DAILY_VOL_m3,ANNUAL_VOL_m3,NUMBER_OF_PEAK_DAYS_MAY_OCT,NUMBER_OF_PEAK_DAYS_ANNUAL
2020,Ansnorveldt DWS,Ansnorveldt DWS Total (Calc),,138.17,10/16/2020,48.684,17818.297,0,0
2020,Ansnorveldt DWS,Ansnorveldt Well No. 2,184320,89.84,10/16/2020,31.708,11605.297,0,0
2020,Ansnorveldt DWS,Ansnorveldt Well No. 3,115200,48.33,10/16/2020,16.975,6213,0,0
2020,Aurora DWS,Aurora DWS Total (Calc),,13189,8/29/2020,6404.35,2343992,0,0
2020,Aurora DWS,Aurora Well No. 1,3273120,2623.6,7/17/2020,628.18,229913.9,1,1
2020,Aurora DWS,Aurora Well No. 1-4,,8860,6/17/2020,5147.926,1884141,0,0
2020,Aurora DWS,Aurora Well No. 1-4 (Calc),,8860.7,6/17/2020,5147.922,1884139.6,0,0
2020,Aurora DWS,Aurora Well No. 2,5891760,4552,8/29/2020,1828.078,669076.5,0,0
2020,Aurora DWS,Aurora Well No. 3,5237136,4458,5/7/2020,1785.869,653628.2,1,2
2020,Aurora DWS,Aurora Well No. 4,7855632,5286,6/17/2020,905.795,331521,0,0
2020,Aurora DWS,Aurora Well No. 5,5891760,4503,8/29/2020,1256.427,459852.4,0,0
2020,Aurora DWS,Aurora Well No. 6,3469536,0,1/1/2020,0,0,0,0
2020,Ballantrae/Musselman's Lake DWS,Ballantrae Well No. 1,2617920,2243.2,7/10/2020,331.553,121348.4,1,1
2020,Ballantrae/Musselman's Lake DWS,Ballantrae Well No. 2,2617920,2245.3,7/3/2020,399.105,146072.6,2,2
2020,Ballantrae/Musselman's Lake DWS,Ballantrae Well No. 3,2617920,2106,7/3/2020,696.418,254889,1,1
2020,Ballantrae/Musselman's Lake DWS,Ballantrae/Musselman's Lake DWS Total (Calc),4580000,4351.3,7/3/2020,1427.077,522310,5,5
2020,Georgina DWS,Georgina DWS Total (Calc),,12585,1/26/2020,6490.053,2375359.5,0,0
2020,Georgina DWS,Georgina WTP - Raw Water (Low Lift),50000000,14108,1/26/2020,7438.642,2722543,0,0
2020,Georgina DWS,Georgina WTP - Treated to Keswick,,10579,1/26/2020,5184.318,1897460.5,0,0
2020,Georgina DWS,Georgina WTP - Treated to Sutton,,4236,7/7/2020,2349.986,860095,0,0
2020,Holland Landing DWS,Holland Landing Well No. 1,2291184,889,6/17/2020,483.178,176843,0,0
2020,Holland Landing DWS,Holland Landing Well No. 1&2 (Calc),,2332,6/17/2020,1254.268,459062.015,0,0
2020,Holland Landing DWS,Holland Landing Well No. 2,3600432,1443,6/17/2020,771.09,282219.015,0,0
2020,Keswick DWS,Keswick DWS Total (Calc),,5437.625,12/15/2020,3004.05,1099482.285,0,0
2020,Keswick DWS,Keswick WTP - Treated,18150000,5437.625,12/15/2020,3004.05,1099482.285,0,0
2020,Keswick DWS,Raw Water (Low lift) @ Keswick WTP,18150000,6088,12/15/2020,3318.087,1214420,0,0
2020,King City DWS,King City Well No. 3,1963915,104.5218,3/20/2020,5.636,2062.857,0,0
2020,King City DWS,King City Well No. 3&4 (Calc),,208.37,3/30/2020,9.358,3425.185,0,0
2020,King City DWS,King City Well No. 4,2618554,208.37,3/30/2020,3.722,1362.328,0,0
2020,Kleinburg DWS,Kleinburg Well No. 3,,113.02,5/13/2020,9.122,3338.6,0,0
2020,Kleinburg DWS,Kleinburg Well No. 3&4 (Calc),5237000,258.42,5/13/2020,21.492,7866.22,0,0
2020,Kleinburg DWS,Kleinburg Well No. 4,,156.93,5/6/2020,12.371,4527.62,0,0
2020,Mount Albert DWS,Mount Albert DWS Total (Calc),4990000,3504.725,11/12/2020,1292.782,473158.355,0,0
2020,Mount Albert DWS,Mount Albert Well No. 1,3273120,394.3,11/13/2020,8.19,2997.7,0,0
2020,Mount Albert DWS,Mount Albert Well No. 2,3273120,2158.6,11/12/2020,625.013,228754.65,0,0
2020,Mount Albert DWS,Mount Albert Well No. 3,3273120,1635.375,7/20/2020,659.579,241406.005,0,0
2020,Newmarket DWS,Newmarket DWS Total (Calc),,9623.8,5/25/2020,4773.234,1747003.7,0,0
2020,Newmarket DWS,Newmarket Well No. 1,2291184,2183.8,5/31/2020,960.087,351392,1,44
2020,Newmarket DWS,Newmarket Well No. 13,5891760,4281,5/25/2020,1764.423,645779,0,0
2020,Newmarket DWS,Newmarket Well No. 14,2291184,0,1/1/2020,0,0,0,0
2020,Newmarket DWS,Newmarket Well No. 15,3273120,0,1/1/2020,0,0,0,0
2020,Newmarket DWS,Newmarket Well No. 16,5629824,3347.2,11/4/2020,447.475,163775.8,0,0
2020,Newmarket DWS,Newmarket Well No. 2,4582512,3644.2,5/25/2020,1601.248,586056.9,0,0
2020,Nobleton DWS,Nobleton DWS Total (Calc),4460000,4471.847656,7/4/2020,2010.633,735891.851,16,17
2020,Nobleton DWS,Nobleton Well No. 2,1964000,1540.984375,10/24/2020,565.95,207137.851,0,0
2020,Nobleton DWS,Nobleton Well No. 3,2496000,2081,10/24/2020,665.899,243719,3,3
2020,Nobleton DWS,Nobleton Well No. 5,2496000,2416,2/6/2020,778.784,285035,3,6
2020,Schomberg DWS,Schomberg DWS Total (Calc),,2774.6,10/10/2020,1945.786,712157.5,0,0
2020,Schomberg DWS,Schomberg Well No. 2,1636560,983,2/14/2020,583.488,213556.5,0,0
2020,Schomberg DWS,Schomberg Well No. 3,2290000,1280,4/25/2020,712.355,260722,0,0
2020,Schomberg DWS,Schomberg Well No. 4,1507680,1030,11/20/2020,649.943,237879,0,0
2020,Sharon/Queensville DWS,Queensville DWS Total (Calc),,10387.8,7/7/2020,4712.767,1724872.9,0,0
2020,Sharon/Queensville DWS,Queensville Well No. 1,6546384,6047,7/1/2020,1106.781,405082,3,3
2020,Sharon/Queensville DWS,Queensville Well No. 2,6546384,5693,7/9/2020,1346.995,493000,2,2
2020,Sharon/Queensville DWS,Queensville Well No. 3,6546384,5062.8,7/7/2020,995.254,364262.9,0,0
2020,Sharon/Queensville DWS,Queensville Well No. 4,6546384,4405,8/15/2020,1263.738,462528,0,0
2020,Stouffville DWS,Stouffville DWS Total (Calc),,7476.2,7/4/2020,3577.457,1309349.15,0,0
2020,Stouffville DWS,Stouffville Well No. 1,2946240,2398.6,5/22/2020,623.297,228126.7,9,9
2020,Stouffville DWS,Stouffville Well No. 2,2946240,2397.1,5/19/2020,557.434,204020.9,5,5
2020,Stouffville DWS,Stouffville Well No. 3,2946240,2377.9,1/23/2020,1028.859,376562.4,0,2
2020,Stouffville DWS,Stouffville Well No. 5,3110400,3110.4,9/10/2020,504.56,184669.05,1,1
2020,Stouffville DWS,Stouffville Well No. 6,2289600,1844,11/1/2020,863.306,315970.1,0,1
2020,Yonge Street Aquifer,Aurora Well No. 1,3273120,2623.6,7/17/2020,628.18,229913.9,1,1
2020,Yonge Street Aquifer,Aurora Well No. 2,5891760,4552,8/29/2020,1828.078,669076.5,0,0
2020,Yonge Street Aquifer,Aurora Well No. 3,5237136,4458,5/7/2020,1785.869,653628.2,1,2
2020,Yonge Street Aquifer,Aurora Well No. 4,7855632,5286,6/17/2020,905.795,331521,0,0
2020,Yonge Street Aquifer,Aurora Well No. 5,5891760,4503,8/29/2020,1256.427,459852.4,0,0
2020,Yonge Street Aquifer,Aurora Well No. 6,3469536,0,1/1/2020,0,0,0,0
2020,Yonge Street Aquifer,Holland Landing Well No. 1,2291184,889,6/17/2020,483.178,176843,0,0
2020,Yonge Street Aquifer,Holland Landing Well No. 2,3600432,1443,6/17/2020,771.09,282219.015,0,0
2020,Yonge Street Aquifer,Newmarket Well No. 1,2291184,2183.8,5/31/2020,960.087,351392,1,44
2020,Yonge Street Aquifer,Newmarket Well No. 13,5891760,4281,5/25/2020,1764.423,645779,0,0
2020,Yonge Street Aquifer,Newmarket Well No. 14,2291184,0,1/1/2020,0,0,0,0
2020,Yonge Street Aquifer,Newmarket Well No. 15,3273120,0,1/1/2020,0,0,0,0
2020,Yonge Street Aquifer,Newmarket Well No. 16,5629824,3347.2,11/4/2020,447.475,163775.8,0,0
2020,Yonge Street Aquifer,Newmarket Well No. 2,4582512,3644.2,5/25/2020,1601.248,586056.9,0,0
2020,Yonge Street Aquifer,Queensville Well No. 1,6546384,6047,7/1/2020,1106.781,405082,3,3
2020,Yonge Street Aquifer,Queensville Well No. 2,6546384,5693,7/9/2020,1346.995,493000,2,2
2020,Yonge Street Aquifer,Queensville Well No. 3,6546384,5062.8,7/7/2020,995.254,364262.9,0,0
2020,Yonge Street Aquifer,Queensville Well No. 4,6446384,4405,8/15/2020,1263.738,462528,0,0
2020,York DWS,Peel,221340000,166610,7/9/2020,13549.234,34545181,,
2020,York DWS,Toronto,517450000,368000,8/29/2020,30497.101,76143533.55,,
2020,York DWS - Markham,Markham,,3509694.084,7/31/2020,93065.023,34061798.49,,
2020,York DWS - Richmond Hill,Richmond Hill,,2845278.209,7/31/2020,56913.798,20830450.08,,
2020,York DWS - Vaughan,Vaughan,,6212291.187,7/31/2020,110860.33,40574880.67,,
