﻿REPORTING_YEAR,SYSTEM_NAME,SAMPLE_SOURCE,TEST_PARAMETER,TEST_UNITS,ANNUAL_TEST_MIN_RESULT,ANNUAL_TEST_MAX_RESULT,ANNUAL_TEST_AVG_RESULT
2020,Ansnorveldt DWS,TW,Fluoride,mg/L,0.2,0.25,0.2325
2020,Ansnorveldt DWS,,Free Chlorine,mg/L,0.09,2.26,1.585082
2020,Ansnorveldt DWS,TW,Haloacetic Acids,mg/L,0.008,0.01,0.009225
2020,Ansnorveldt DWS,TW,Hardness,mg/L,119,119,119
2020,Ansnorveldt DWS,RW,Inorganic Parameters (Schd 23),mg/L,0.0005,0.0005,0.0005
2020,Ansnorveldt DWS,RW,Inorganic Parameters (Schd 23),mg/L,0.0005,0.0005,0.0005
2020,Ansnorveldt DWS,TW,Inorganic Parameters (Schd 23),mg/L,0.0005,0.0005,0.0005
2020,Ansnorveldt DWS,TW,Inorganic Parameters (Schd 23),mg/L,0.0005,0.0005,0.0005
2020,Ansnorveldt DWS,RW,Lead,mg/L,0.0005,0.0005,0.0005
2020,Ansnorveldt DWS,TW,Lead,mg/L,0.0005,0.0005,0.0005
2020,Ansnorveldt DWS,TW,Nitrate,mg/L,0.5,0.5,0.5
2020,Ansnorveldt DWS,TW,Nitrite,mg/L,0.05,0.05,0.05
2020,Ansnorveldt DWS,TW,Sodium,mg/L,41,41.9,41.45
2020,Ansnorveldt DWS,TW,Trihalomethanes,mg/L,0.0361,0.0531,0.044175
2020,Ansnorveldt DWS,,Turbidity,NTU,0.112,5,0.179038
2020,Aurora DWS,,Combined Chlorine,mg/L,0,5,2.609192
2020,Aurora DWS,DS,Fluoride,mg/L,0.46,0.67,0.555738
2020,Aurora DWS,TW,Fluoride,mg/L,0.1,0.15,0.12875
2020,Aurora DWS,DS,Haloacetic Acids,mg/L,0.008,0.008,0.008
2020,Aurora DWS,DS,Hardness,mg/L,135,139,137.2
2020,Aurora DWS,TW,Hardness,mg/L,208,209,208.5
2020,Aurora DWS,DS,Inorganic Parameters (Schd 23),mg/L,0.0008,0.0008,0.0008
2020,Aurora DWS,DS,Inorganic Parameters (Schd 23),mg/L,0.0005,0.0005,0.0005
2020,Aurora DWS,RW,Inorganic Parameters (Schd 23),mg/L,0.0005,0.0005,0.0005
2020,Aurora DWS,RW,Inorganic Parameters (Schd 23),mg/L,0.0005,0.0005,0.0005
2020,Aurora DWS,TW,Inorganic Parameters (Schd 23),mg/L,0.0005,0.0005,0.0005
2020,Aurora DWS,TW,Inorganic Parameters (Schd 23),mg/L,0.0005,0.0005,0.0005
2020,Aurora DWS,DS,Lead,mg/L,0.0005,0.0005,0.0005
2020,Aurora DWS,RW,Lead,mg/L,0.0005,0.0005,0.0005
2020,Aurora DWS,TW,Lead,mg/L,0.0005,0.0005,0.0005
2020,Aurora DWS,DS,Nitrate,mg/L,0.5,0.61,0.506721
2020,Aurora DWS,TW,Nitrate,mg/L,0.5,0.5,0.5
2020,Aurora DWS,DS,Nitrite,mg/L,0.05,0.05,0.05
2020,Aurora DWS,TW,Nitrite,mg/L,0.05,0.05,0.05
2020,Aurora DWS,DS,Sodium,mg/L,18.6,22,20.48
2020,Aurora DWS,TW,Sodium,mg/L,12.4,13.8,13.1
2020,Aurora DWS,DS,Trihalomethanes,mg/L,0.015,0.0234,0.01829
2020,Aurora DWS,TW,Trihalomethanes,mg/L,0.0039,0.0089,0.0064
2020,Aurora DWS,,Turbidity,NTU,0.014,4.998,0.051865
2020,Ballantrae/Musselman's Lake DWS,DS,Fluoride,mg/L,0.05,0.08,0.0625
2020,Ballantrae/Musselman's Lake DWS,TW,Fluoride,mg/L,0.05,0.1,0.0725
2020,Ballantrae/Musselman's Lake DWS,,Free Chlorine,mg/L,0,3.51,1.628446
2020,Ballantrae/Musselman's Lake DWS,DS,Haloacetic Acids,mg/L,0.017,0.019,0.01775
2020,Ballantrae/Musselman's Lake DWS,DS,Hardness,mg/L,205,205,205
2020,Ballantrae/Musselman's Lake DWS,TW,Hardness,mg/L,137,259,198
2020,Ballantrae/Musselman's Lake DWS,DS,Inorganic Parameters (Schd 23),mg/L,0.0005,0.0005,0.0005
2020,Ballantrae/Musselman's Lake DWS,DS,Inorganic Parameters (Schd 23),mg/L,0.0005,0.0005,0.0005
2020,Ballantrae/Musselman's Lake DWS,RW,Inorganic Parameters (Schd 23),mg/L,0.0005,0.0005,0.0005
2020,Ballantrae/Musselman's Lake DWS,RW,Inorganic Parameters (Schd 23),mg/L,0.0005,0.0008,0.000633
2020,Ballantrae/Musselman's Lake DWS,TW,Inorganic Parameters (Schd 23),mg/L,0.0005,0.0008,0.00065
2020,Ballantrae/Musselman's Lake DWS,TW,Inorganic Parameters (Schd 23),mg/L,0.0005,0.0005,0.0005
2020,Ballantrae/Musselman's Lake DWS,DS,Lead,mg/L,0.0005,0.0005,0.0005
2020,Ballantrae/Musselman's Lake DWS,RW,Lead,mg/L,0.0005,0.0005,0.0005
2020,Ballantrae/Musselman's Lake DWS,TW,Lead,mg/L,0.0005,0.0005,0.0005
2020,Ballantrae/Musselman's Lake DWS,DS,Nitrate,mg/L,0.5,0.5,0.5
2020,Ballantrae/Musselman's Lake DWS,TW,Nitrate,mg/L,0.5,0.5,0.5
2020,Ballantrae/Musselman's Lake DWS,DS,Nitrite,mg/L,0.05,0.05,0.05
2020,Ballantrae/Musselman's Lake DWS,TW,Nitrite,mg/L,0.05,0.05,0.05
2020,Ballantrae/Musselman's Lake DWS,DS,Sodium,mg/L,12.6,12.6,12.6
2020,Ballantrae/Musselman's Lake DWS,TW,Sodium,mg/L,10.8,14.6,12.7
2020,Ballantrae/Musselman's Lake DWS,DS,Trihalomethanes,mg/L,0.0245,0.033,0.028675
2020,Ballantrae/Musselman's Lake DWS,RW,Trihalomethanes,mg/L,0.0005,0.0005,0.0005
2020,Ballantrae/Musselman's Lake DWS,TW,Trihalomethanes,mg/L,0.0059,0.0066,0.00625
2020,Ballantrae/Musselman's Lake DWS,,Turbidity,NTU,0.015,5,0.067678
2020,Georgina DWS,DS,Fluoride,mg/L,0.52,0.6,0.5625
2020,Georgina DWS,TW,Fluoride,mg/L,0.05,0.62,0.44
2020,Georgina DWS,,Fluoride,mg/L,0.2,5,0.676266
2020,Georgina DWS,,Free Chlorine,mg/L,0,3.27,1.62641
2020,Georgina DWS,,Free Chlorine Backwash,mg/L,0,0.098,0.002672
2020,Georgina DWS,DS,Haloacetic Acids,mg/L,0.023,0.04,0.02875
2020,Georgina DWS,DS,Hardness,mg/L,149,149,149
2020,Georgina DWS,TW,Hardness,mg/L,148,148,148
2020,Georgina DWS,TW,Inorganic Parameters (Schd 23),mg/L,0.0005,0.0005,0.0005
2020,Georgina DWS,TW,Inorganic Parameters (Schd 23),mg/L,0.0005,0.0005,0.0005
2020,Georgina DWS,TW,Lead,mg/L,0.0005,0.0005,0.0005
2020,Georgina DWS,DS,Nitrate,mg/L,0.5,0.5,0.5
2020,Georgina DWS,TW,Nitrate,mg/L,0.5,0.5,0.5
2020,Georgina DWS,DS,Nitrite,mg/L,0.05,0.05,0.05
2020,Georgina DWS,TW,Nitrite,mg/L,0.05,0.05,0.05
2020,Georgina DWS,DS,Sodium,mg/L,32.3,32.3,32.3
2020,Georgina DWS,TW,Sodium,mg/L,32.2,32.5,32.35
2020,Georgina DWS,,Total Suspended Solids,NTU,0,40,3.28471
2020,Georgina DWS,DS,Trihalomethanes,mg/L,0.0355,0.0756,0.047855
2020,Georgina DWS,RW,Trihalomethanes,mg/L,0.0005,0.0434,0.00511
2020,Georgina DWS,TW,Trihalomethanes,mg/L,0.0271,0.0791,0.039918
2020,Georgina DWS,,Turbidity,NTU,0,5,0.029456
2020,Georgina DWS,,Turbidity Raw,NTU,0,1.396,0.479667
2020,Georgina DWS,,Uv Dosage,mJ/cm2,0,119.9179,29.479932
2020,Holland Landing DWS,,Combined Chlorine,mg/L,0.08,3.49,2.544028
2020,Holland Landing DWS,DS,Fluoride,mg/L,0.19,0.21,0.2025
2020,Holland Landing DWS,TW,Fluoride,mg/L,0.15,0.23,0.195
2020,Holland Landing DWS,DS,Haloacetic Acids,mg/L,0.008,0.0084,0.0081
2020,Holland Landing DWS,DS,Hardness,mg/L,177,177,177
2020,Holland Landing DWS,TW,Hardness,mg/L,176,180,178
2020,Holland Landing DWS,DS,Inorganic Parameters (Schd 23),mg/L,0.0005,0.0005,0.0005
2020,Holland Landing DWS,DS,Inorganic Parameters (Schd 23),mg/L,0.0005,0.0005,0.0005
2020,Holland Landing DWS,RW,Inorganic Parameters (Schd 23),mg/L,0.0005,0.0005,0.0005
2020,Holland Landing DWS,RW,Inorganic Parameters (Schd 23),mg/L,0.0005,0.0005,0.0005
2020,Holland Landing DWS,TW,Inorganic Parameters (Schd 23),mg/L,0.0005,0.0005,0.0005
2020,Holland Landing DWS,TW,Inorganic Parameters (Schd 23),mg/L,0.0005,0.0005,0.0005
2020,Holland Landing DWS,DS,Lead,mg/L,0.0009,0.0009,0.0009
2020,Holland Landing DWS,RW,Lead,mg/L,0.0005,0.0005,0.0005
2020,Holland Landing DWS,TW,Lead,mg/L,0.0005,0.0005,0.0005
2020,Holland Landing DWS,DS,Nitrate,mg/L,0.5,0.5,0.5
2020,Holland Landing DWS,TW,Nitrate,mg/L,0.5,0.5,0.5
2020,Holland Landing DWS,DS,Nitrite,mg/L,0.05,0.05,0.05
2020,Holland Landing DWS,TW,Nitrite,mg/L,0.05,0.05,0.05
2020,Holland Landing DWS,DS,Sodium,mg/L,20.3,20.3,20.3
2020,Holland Landing DWS,TW,Sodium,mg/L,19.4,22.7,21.05
2020,Holland Landing DWS,DS,Trihalomethanes,mg/L,0.0174,0.0195,0.0181
2020,Holland Landing DWS,TW,Trihalomethanes,mg/L,0.0066,0.0097,0.00815
2020,Holland Landing DWS,,Turbidity,NTU,0.017,5,0.068327
2020,Keswick DWS,DS,Fluoride,mg/L,0.52,0.59,0.565
2020,Keswick DWS,TW,Fluoride,mg/L,0.1,0.57,0.425
2020,Keswick DWS,,Fluoride,mg/L,0.2,1.959,0.621529
2020,Keswick DWS,,Free Chlorine,mg/L,0,5,1.393271
2020,Keswick DWS,DS,Haloacetic Acids,mg/L,0.026,0.056,0.03875
2020,Keswick DWS,DS,Hardness,mg/L,151,153,152
2020,Keswick DWS,TW,Hardness,mg/L,169,169,169
2020,Keswick DWS,TW,Inorganic Parameters (Schd 23),mg/L,0.0005,0.0005,0.0005
2020,Keswick DWS,TW,Inorganic Parameters (Schd 23),mg/L,0.0005,0.0005,0.0005
2020,Keswick DWS,TW,Lead,mg/L,0.0005,0.0005,0.0005
2020,Keswick DWS,DS,Nitrate,mg/L,0.5,0.5,0.5
2020,Keswick DWS,TW,Nitrate,mg/L,0.5,0.5,0.5
2020,Keswick DWS,DS,Nitrite,mg/L,0.05,0.05,0.05
2020,Keswick DWS,TW,Nitrite,mg/L,0.05,0.05,0.05
2020,Keswick DWS,DS,Sodium,mg/L,33.2,33.2,33.2
2020,Keswick DWS,TW,Sodium,mg/L,39.6,39.6,39.6
2020,Keswick DWS,RW,Total Suspended Solids,mg/L,1,1520,206.154545
2020,Keswick DWS,TW,Total Suspended Solids,mg/L,1,37.3,7.918182
2020,Keswick DWS,DS,Trihalomethanes,mg/L,0.0366,0.0906,0.062927
2020,Keswick DWS,RW,Trihalomethanes,mg/L,0.0005,0.0119,0.00468
2020,Keswick DWS,TW,Trihalomethanes,mg/L,0.02,0.0399,0.029836
2020,Keswick DWS,,Turbidity,NTU,0.030371,2.9993,0.055055
2020,Keswick DWS,,Turbidity Raw,NTU,0.104111,25,0.738212
2020,King City DWS,,Combined Chlorine,mg/L,0,3,1.912426
2020,King City DWS,DS,Fluoride,mg/L,0.51,0.6,0.55
2020,King City DWS,DS,Haloacetic Acids,mg/L,0.008,0.0081,0.008013
2020,King City DWS,DS,Hardness,mg/L,137,137,137
2020,King City DWS,DS,Inorganic Parameters (Schd 23),mg/L,0.0008,0.0008,0.0008
2020,King City DWS,DS,Inorganic Parameters (Schd 23),mg/L,0.0005,0.0005,0.0005
2020,King City DWS,RW,Inorganic Parameters (Schd 23),mg/L,0.0008,0.0008,0.0008
2020,King City DWS,RW,Inorganic Parameters (Schd 23),mg/L,0.0005,0.0005,0.0005
2020,King City DWS,DS,Lead,mg/L,0.0005,0.0005,0.0005
2020,King City DWS,RW,Lead,mg/L,0.0005,0.0005,0.0005
2020,King City DWS,DS,Nitrate,mg/L,0.5,0.59,0.52
2020,King City DWS,DS,Nitrite,mg/L,0.05,0.05,0.05
2020,King City DWS,DS,Sodium,mg/L,22.2,22.9,22.55
2020,King City DWS,DS,Trihalomethanes,mg/L,0.0162,0.0208,0.0192
2020,King City DWS,,Turbidity,NTU,0.035,1.139,0.748434
2020,King City DWS,,Turbidity Raw,NTU,,,
2020,Kleinburg DWS,,Combined Chlorine,mg/L,0.215265,2.617926,1.844469
2020,Kleinburg DWS,DS,Fluoride,mg/L,0.49,0.59,0.5375
2020,Kleinburg DWS,DS,Haloacetic Acids,mg/L,0.008,0.008,0.008
2020,Kleinburg DWS,DS,Hardness,mg/L,137,137,137
2020,Kleinburg DWS,DS,Inorganic Parameters (Schd 23),mg/L,0.0008,0.0008,0.0008
2020,Kleinburg DWS,DS,Inorganic Parameters (Schd 23),mg/L,0.0005,0.0005,0.0005
2020,Kleinburg DWS,RW,Inorganic Parameters (Schd 23),mg/L,0.0005,0.0005,0.0005
2020,Kleinburg DWS,RW,Inorganic Parameters (Schd 23),mg/L,0.0005,0.0005,0.0005
2020,Kleinburg DWS,DS,Lead,mg/L,0.0005,0.0005,0.0005
2020,Kleinburg DWS,RW,Lead,mg/L,0.0005,0.0005,0.0005
2020,Kleinburg DWS,DS,Nitrate,mg/L,0.5,0.76,0.565
2020,Kleinburg DWS,DS,Nitrite,mg/L,0.05,0.05,0.05
2020,Kleinburg DWS,DS,Sodium,mg/L,22.5,22.5,22.5
2020,Kleinburg DWS,DS,Trihalomethanes,mg/L,0.0172,0.0188,0.017975
2020,Kleinburg DWS,,Turbidity,NTU,0.012756,2.375011,0.043943
2020,Mount Albert DWS,DS,Fluoride,mg/L,0.05,0.1,0.0625
2020,Mount Albert DWS,TW,Fluoride,mg/L,0.05,0.05,0.05
2020,Mount Albert DWS,,Free Chlorine,mg/L,0.004121,3.5,1.547251
2020,Mount Albert DWS,DS,Haloacetic Acids,mg/L,0.008,0.008,0.008
2020,Mount Albert DWS,DS,Hardness,mg/L,331,331,331
2020,Mount Albert DWS,TW,Hardness,mg/L,310,345,327.5
2020,Mount Albert DWS,DS,Inorganic Parameters (Schd 23),mg/L,0.0005,0.0005,0.0005
2020,Mount Albert DWS,DS,Inorganic Parameters (Schd 23),mg/L,0.0005,0.0005,0.0005
2020,Mount Albert DWS,RW,Inorganic Parameters (Schd 23),mg/L,0.0005,0.0005,0.0005
2020,Mount Albert DWS,RW,Inorganic Parameters (Schd 23),mg/L,0.0005,0.0005,0.0005
2020,Mount Albert DWS,TW,Inorganic Parameters (Schd 23),mg/L,0.0005,0.0005,0.0005
2020,Mount Albert DWS,TW,Inorganic Parameters (Schd 23),mg/L,0.0005,0.0005,0.0005
2020,Mount Albert DWS,DS,Lead,mg/L,0.0005,0.0005,0.0005
2020,Mount Albert DWS,RW,Lead,mg/L,0.0005,0.0005,0.0005
2020,Mount Albert DWS,TW,Lead,mg/L,0.0005,0.0005,0.0005
2020,Mount Albert DWS,DS,Nitrate,mg/L,1.7,2.34,2.0675
2020,Mount Albert DWS,TW,Nitrate,mg/L,0.5,3.78,2.0625
2020,Mount Albert DWS,DS,Nitrite,mg/L,0.05,0.1,0.0625
2020,Mount Albert DWS,TW,Nitrite,mg/L,0.05,0.05,0.05
2020,Mount Albert DWS,DS,Sodium,mg/L,12,12,12
2020,Mount Albert DWS,TW,Sodium,mg/L,10.9,14.2,12.55
2020,Mount Albert DWS,DS,Trihalomethanes,mg/L,0.016,0.0237,0.01925
2020,Mount Albert DWS,TW,Trihalomethanes,mg/L,0.0012,0.0058,0.0035
2020,Mount Albert DWS,,Turbidity,NTU,0.03,5,0.077094
2020,Newmarket DWS,,Combined Chlorine,mg/L,0,4.06,2.526188
2020,Newmarket DWS,DS,Fluoride,mg/L,0.12,0.57,0.445641
2020,Newmarket DWS,RW,Fluoride,mg/L,0.12,0.12,0.12
2020,Newmarket DWS,TW,Fluoride,mg/L,0.1,0.16,0.13875
2020,Newmarket DWS,DS,Haloacetic Acids,mg/L,0.008,0.0081,0.008007
2020,Newmarket DWS,DS,Hardness,mg/L,138,197,155
2020,Newmarket DWS,RW,Hardness,mg/L,461,461,461
2020,Newmarket DWS,TW,Hardness,mg/L,197,199,198
2020,Newmarket DWS,DS,Inorganic Parameters (Schd 23),mg/L,0.0005,0.0005,0.0005
2020,Newmarket DWS,DS,Inorganic Parameters (Schd 23),mg/L,0.0005,0.0007,0.000625
2020,Newmarket DWS,RW,Inorganic Parameters (Schd 23),mg/L,0.0005,0.0005,0.0005
2020,Newmarket DWS,RW,Inorganic Parameters (Schd 23),mg/L,0.0005,0.0005,0.0005
2020,Newmarket DWS,TW,Inorganic Parameters (Schd 23),mg/L,0.0005,0.0005,0.0005
2020,Newmarket DWS,TW,Inorganic Parameters (Schd 23),mg/L,0.0005,0.0005,0.0005
2020,Newmarket DWS,DS,Lead,mg/L,0.0005,0.0005,0.0005
2020,Newmarket DWS,RW,Lead,mg/L,0.0005,0.0005,0.0005
2020,Newmarket DWS,TW,Lead,mg/L,0.0005,0.0005,0.0005
2020,Newmarket DWS,DS,Nitrate,mg/L,0.5,0.61,0.507949
2020,Newmarket DWS,RW,Nitrate,mg/L,1.25,1.25,1.25
2020,Newmarket DWS,TW,Nitrate,mg/L,0.5,0.5,0.5
2020,Newmarket DWS,DS,Nitrite,mg/L,0.05,0.05,0.05
2020,Newmarket DWS,RW,Nitrite,mg/L,0.12,0.12,0.12
2020,Newmarket DWS,TW,Nitrite,mg/L,0.05,0.05,0.05
2020,Newmarket DWS,DS,Sodium,mg/L,18.6,22.3,21.15
2020,Newmarket DWS,RW,Sodium,mg/L,37.5,37.5,37.5
2020,Newmarket DWS,TW,Sodium,mg/L,16,16.9,16.45
2020,Newmarket DWS,DS,Total Suspended Solids,mg/L,11.5,11.5,11.5
2020,Newmarket DWS,DS,Trihalomethanes,mg/L,0.0105,0.0233,0.017967
2020,Newmarket DWS,TW,Trihalomethanes,mg/L,0.0069,0.007,0.00695
2020,Newmarket DWS,,Turbidity,NTU,0.022,5,0.064554
2020,Nobleton DWS,DS,Fluoride,mg/L,0.08,0.22,0.10625
2020,Nobleton DWS,TW,Fluoride,mg/L,0.07,0.14,0.095
2020,Nobleton DWS,,Free Chlorine,mg/L,0,4.85,1.549111
2020,Nobleton DWS,DS,Haloacetic Acids,mg/L,0.008,0.01,0.00835
2020,Nobleton DWS,DS,Hardness,mg/L,172,228,200
2020,Nobleton DWS,TW,Hardness,mg/L,250,329,278.333333
2020,Nobleton DWS,DS,Inorganic Parameters (Schd 23),mg/L,0.0005,0.0005,0.0005
2020,Nobleton DWS,DS,Inorganic Parameters (Schd 23),mg/L,0.0005,0.0005,0.0005
2020,Nobleton DWS,RW,Inorganic Parameters (Schd 23),mg/L,0.0005,0.0005,0.0005
2020,Nobleton DWS,RW,Inorganic Parameters (Schd 23),mg/L,0.0005,0.0005,0.0005
2020,Nobleton DWS,TW,Inorganic Parameters (Schd 23),mg/L,0.0005,0.0005,0.0005
2020,Nobleton DWS,TW,Inorganic Parameters (Schd 23),mg/L,0.0005,0.0005,0.0005
2020,Nobleton DWS,DS,Lead,mg/L,0.0005,0.0005,0.0005
2020,Nobleton DWS,RW,Lead,mg/L,0.0005,0.0005,0.0005
2020,Nobleton DWS,TW,Lead,mg/L,0.0005,0.0005,0.0005
2020,Nobleton DWS,DS,Nitrate,mg/L,0.5,0.5,0.5
2020,Nobleton DWS,TW,Nitrate,mg/L,0.5,0.5,0.5
2020,Nobleton DWS,DS,Nitrite,mg/L,0.05,0.05,0.05
2020,Nobleton DWS,TW,Nitrite,mg/L,0.05,0.05,0.05
2020,Nobleton DWS,DS,Sodium,mg/L,16.9,22,19.45
2020,Nobleton DWS,TW,Sodium,mg/L,13.3,23.7,18.566667
2020,Nobleton DWS,DS,Trihalomethanes,mg/L,0.0196,0.03,0.02575
2020,Nobleton DWS,RW,Trihalomethanes,mg/L,0.0005,0.0005,0.0005
2020,Nobleton DWS,TW,Trihalomethanes,mg/L,0.0047,0.0077,0.005933
2020,Nobleton DWS,,Turbidity,NTU,0,5,0.10167
2020,Schomberg DWS,,Combined Chlorine,mg/L,1.1,2.99,2.543716
2020,Schomberg DWS,DS,Fluoride,mg/L,0.11,0.15,0.1225
2020,Schomberg DWS,TW,Fluoride,mg/L,0.12,0.15,0.14
2020,Schomberg DWS,DS,Haloacetic Acids,mg/L,0.008,0.008,0.008
2020,Schomberg DWS,DS,Hardness,mg/L,211,211,211
2020,Schomberg DWS,TW,Hardness,mg/L,297,297,297
2020,Schomberg DWS,DS,Inorganic Parameters (Schd 23),mg/L,0.0007,0.0007,0.0007
2020,Schomberg DWS,DS,Inorganic Parameters (Schd 23),mg/L,0.0005,0.0005,0.0005
2020,Schomberg DWS,RW,Inorganic Parameters (Schd 23),mg/L,0.002,0.0025,0.0023
2020,Schomberg DWS,RW,Inorganic Parameters (Schd 23),mg/L,0.0005,0.0005,0.0005
2020,Schomberg DWS,TW,Inorganic Parameters (Schd 23),mg/L,0.0005,0.0005,0.0005
2020,Schomberg DWS,TW,Inorganic Parameters (Schd 23),mg/L,0.0006,0.0006,0.0006
2020,Schomberg DWS,DS,Lead,mg/L,0.0005,0.0005,0.0005
2020,Schomberg DWS,RW,Lead,mg/L,0.0005,0.0005,0.0005
2020,Schomberg DWS,TW,Lead,mg/L,0.0005,0.0005,0.0005
2020,Schomberg DWS,DS,Nitrate,mg/L,0.5,0.5,0.5
2020,Schomberg DWS,TW,Nitrate,mg/L,0.5,0.5,0.5
2020,Schomberg DWS,DS,Nitrite,mg/L,0.17,0.66,0.3875
2020,Schomberg DWS,TW,Nitrite,mg/L,0.05,0.14,0.0725
2020,Schomberg DWS,DS,Sodium,mg/L,20.7,20.9,20.8
2020,Schomberg DWS,TW,Sodium,mg/L,19.5,20.2,19.85
2020,Schomberg DWS,,Total Chlorine,mg/L,0,5,2.299918
2020,Schomberg DWS,DS,Trihalomethanes,mg/L,0.0032,0.0036,0.0034
2020,Schomberg DWS,RW,Trihalomethanes,mg/L,0.0005,0.0005,0.0005
2020,Schomberg DWS,TW,Trihalomethanes,mg/L,0.004,0.004,0.004
2020,Schomberg DWS,,Turbidity,NTU,0.081,4.997,0.144339
2020,Sharon/Queensville DWS,,Combined Chlorine,mg/L,0,3.99,2.457182
2020,Sharon/Queensville DWS,DS,Fluoride,mg/L,0.13,0.21,0.1775
2020,Sharon/Queensville DWS,TW,Fluoride,mg/L,0.15,0.2,0.18375
2020,Sharon/Queensville DWS,DS,Haloacetic Acids,mg/L,0.0092,0.01,0.00955
2020,Sharon/Queensville DWS,DS,Hardness,mg/L,174,174,174
2020,Sharon/Queensville DWS,TW,Hardness,mg/L,166,175,170.5
2020,Sharon/Queensville DWS,DS,Inorganic Parameters (Schd 23),mg/L,0.0005,0.0005,0.0005
2020,Sharon/Queensville DWS,DS,Inorganic Parameters (Schd 23),mg/L,0.0005,0.0005,0.0005
2020,Sharon/Queensville DWS,RW,Inorganic Parameters (Schd 23),mg/L,0.0005,0.0006,0.000525
2020,Sharon/Queensville DWS,RW,Inorganic Parameters (Schd 23),mg/L,0.0005,0.0005,0.0005
2020,Sharon/Queensville DWS,TW,Inorganic Parameters (Schd 23),mg/L,0.0005,0.0006,0.00055
2020,Sharon/Queensville DWS,TW,Inorganic Parameters (Schd 23),mg/L,0.0005,0.0005,0.0005
2020,Sharon/Queensville DWS,DS,Lead,mg/L,0.0005,0.0005,0.0005
2020,Sharon/Queensville DWS,RW,Lead,mg/L,0.0005,0.0005,0.0005
2020,Sharon/Queensville DWS,TW,Lead,mg/L,0.0005,0.0005,0.0005
2020,Sharon/Queensville DWS,DS,Nitrate,mg/L,0.5,0.5,0.5
2020,Sharon/Queensville DWS,TW,Nitrate,mg/L,0.5,0.5,0.5
2020,Sharon/Queensville DWS,DS,Nitrite,mg/L,0.05,0.05,0.05
2020,Sharon/Queensville DWS,TW,Nitrite,mg/L,0.05,0.05,0.05
2020,Sharon/Queensville DWS,DS,Sodium,mg/L,19.4,19.4,19.4
2020,Sharon/Queensville DWS,TW,Sodium,mg/L,18.9,21.1,20
2020,Sharon/Queensville DWS,DS,Trihalomethanes,mg/L,0.0182,0.02,0.01925
2020,Sharon/Queensville DWS,TW,Trihalomethanes,mg/L,0.0132,0.0178,0.0155
2020,Sharon/Queensville DWS,,Turbidity,NTU,0.017,5,0.064417
2020,Stouffville DWS,DS,Fluoride,mg/L,0.05,0.24,0.105
2020,Stouffville DWS,RW,Fluoride,mg/L,0.12,0.5,0.223333
2020,Stouffville DWS,TW,Fluoride,mg/L,0.05,0.5,0.115833
2020,Stouffville DWS,,Free Chlorine,mg/L,0,3.765245,1.517403
2020,Stouffville DWS,DS,Haloacetic Acids,mg/L,0.008,0.008,0.008
2020,Stouffville DWS,TW,Haloacetic Acids,mg/L,0.008,0.008,0.008
2020,Stouffville DWS,DS,Hardness,mg/L,338,370,354
2020,Stouffville DWS,RW,Hardness,mg/L,340,479,392.2
2020,Stouffville DWS,TW,Hardness,mg/L,123,456,309.333333
2020,Stouffville DWS,DS,Inorganic Parameters (Schd 23),mg/L,0.0005,0.0005,0.0005
2020,Stouffville DWS,DS,Inorganic Parameters (Schd 23),mg/L,0.0005,0.0005,0.0005
2020,Stouffville DWS,RW,Inorganic Parameters (Schd 23),mg/L,0.0005,0.0011,0.000582
2020,Stouffville DWS,RW,Inorganic Parameters (Schd 23),mg/L,0.0005,0.0005,0.0005
2020,Stouffville DWS,TW,Inorganic Parameters (Schd 23),mg/L,0.0005,0.0005,0.0005
2020,Stouffville DWS,TW,Inorganic Parameters (Schd 23),mg/L,0.0005,0.0005,0.0005
2020,Stouffville DWS,DS,Lead,mg/L,0.0005,0.0005,0.0005
2020,Stouffville DWS,RW,Lead,mg/L,0.0005,0.0005,0.0005
2020,Stouffville DWS,TW,Lead,mg/L,0.0005,0.0005,0.0005
2020,Stouffville DWS,DS,Nitrate,mg/L,0.5,0.93,0.56
2020,Stouffville DWS,RW,Nitrate,mg/L,1.8,5,3.018
2020,Stouffville DWS,TW,Nitrate,mg/L,0.5,5,1.459167
2020,Stouffville DWS,DS,Nitrite,mg/L,0.05,0.05,0.05
2020,Stouffville DWS,RW,Nitrite,mg/L,0.12,0.5,0.223333
2020,Stouffville DWS,TW,Nitrite,mg/L,0.05,0.5,0.0875
2020,Stouffville DWS,DS,Sodium,mg/L,46.9,58.3,52.6
2020,Stouffville DWS,RW,Sodium,mg/L,13,74.7,37.553333
2020,Stouffville DWS,TW,Sodium,mg/L,24.2,72,40.433333
2020,Stouffville DWS,RW,Total Suspended Solids,mg/L,1,1,1
2020,Stouffville DWS,DS,Trihalomethanes,mg/L,0.0097,0.026,0.018029
2020,Stouffville DWS,RW,Trihalomethanes,mg/L,0.0005,0.0005,0.0005
2020,Stouffville DWS,TW,Trihalomethanes,mg/L,0.001,0.0138,0.0082
2020,Stouffville DWS,,Turbidity,NTU,0.014,5,0.077569
2020,York DWS,,Combined Chlorine,mg/L,0,3.53,1.7189
2020,York DWS,DS,Fluoride,mg/L,0.47,0.65,0.58875
2020,York DWS,DS,Haloacetic Acids,mg/L,0.008,0.008,0.008
2020,York DWS,DS,Hardness,mg/L,129,137,132.166667
2020,York DWS,DS,Inorganic Parameters (Schd 23),mg/L,0.0007,0.0008,0.000792
2020,York DWS,DS,Inorganic Parameters (Schd 23),mg/L,0.0005,0.0005,0.0005
2020,York DWS,DS,Lead,mg/L,0.0005,0.0009,0.000533
2020,York DWS,DS,Nitrate,mg/L,0.5,0.79,0.524375
2020,York DWS,DS,Nitrite,mg/L,0.05,0.05,0.05
2020,York DWS,DS,Sodium,mg/L,17.4,22.5,19.233333
2020,York DWS,,Total Chlorine,mg/L,0,2.5615,1.637056
2020,York DWS,DS,Trihalomethanes,mg/L,0.0075,0.0219,0.015921
