﻿REPORTING_YEAR,SYSTEM_NAME,SAMPLE_SOURCE,TEST_PARAMETER,COUNT_OF_SAMPLES,COUNT_OF_PRESENCE
2020,Ansnorveldt DWS,RW,E.Coli,104,0
2020,Ansnorveldt DWS,TW,E.Coli,52,0
2020,Ansnorveldt DWS,TW,Heterotrophic Plate Count,52,7
2020,Ansnorveldt DWS,RW,Total Coliforms,104,1
2020,Ansnorveldt DWS,TW,Total Coliforms,52,0
2020,Aurora DWS,DS,E.Coli,289,0
2020,Aurora DWS,RW,E.Coli,258,0
2020,Aurora DWS,TW,E.Coli,104,0
2020,Aurora DWS,DS,Heterotrophic Plate Count,145,22
2020,Aurora DWS,TW,Heterotrophic Plate Count,104,20
2020,Aurora DWS,DS,Total Coliforms,289,0
2020,Aurora DWS,RW,Total Coliforms,258,0
2020,Aurora DWS,TW,Total Coliforms,104,0
2020,Ballantrae/Musselman's Lake DWS,DS,E.Coli,52,0
2020,Ballantrae/Musselman's Lake DWS,RW,E.Coli,147,0
2020,Ballantrae/Musselman's Lake DWS,TW,E.Coli,104,0
2020,Ballantrae/Musselman's Lake DWS,DS,Heterotrophic Plate Count,26,6
2020,Ballantrae/Musselman's Lake DWS,TW,Heterotrophic Plate Count,104,21
2020,Ballantrae/Musselman's Lake DWS,DS,Total Coliforms,52,0
2020,Ballantrae/Musselman's Lake DWS,RW,Total Coliforms,147,0
2020,Ballantrae/Musselman's Lake DWS,TW,Total Coliforms,104,0
2020,Georgina DWS,DS,E.Coli,52,0
2020,Georgina DWS,RW,E.Coli,52,3
2020,Georgina DWS,TW,E.Coli,52,0
2020,Georgina DWS,DS,Heterotrophic Plate Count,26,2
2020,Georgina DWS,TW,Heterotrophic Plate Count,52,10
2020,Georgina DWS,DS,Total Coliforms,52,0
2020,Georgina DWS,RW,Total Coliforms,52,28
2020,Georgina DWS,TW,Total Coliforms,52,0
2020,Holland Landing DWS,DS,E.Coli,52,0
2020,Holland Landing DWS,RW,E.Coli,104,0
2020,Holland Landing DWS,TW,E.Coli,104,0
2020,Holland Landing DWS,DS,Heterotrophic Plate Count,26,3
2020,Holland Landing DWS,TW,Heterotrophic Plate Count,104,22
2020,Holland Landing DWS,DS,Total Coliforms,52,0
2020,Holland Landing DWS,RW,Total Coliforms,104,0
2020,Holland Landing DWS,TW,Total Coliforms,104,0
2020,Keswick DWS,DS,E.Coli,104,0
2020,Keswick DWS,RW,E.Coli,52,3
2020,Keswick DWS,TW,E.Coli,52,0
2020,Keswick DWS,DS,Heterotrophic Plate Count,52,7
2020,Keswick DWS,TW,Heterotrophic Plate Count,52,7
2020,Keswick DWS,DS,Total Coliforms,104,0
2020,Keswick DWS,RW,Total Coliforms,52,33
2020,Keswick DWS,TW,Total Coliforms,52,0
2020,King City DWS,DS,E.Coli,101,0
2020,King City DWS,RW,E.Coli,104,0
2020,King City DWS,DS,Heterotrophic Plate Count,50,12
2020,King City DWS,DS,Total Coliforms,101,0
2020,King City DWS,RW,Total Coliforms,104,0
2020,Kleinburg DWS,DS,E.Coli,51,0
2020,Kleinburg DWS,RW,E.Coli,104,0
2020,Kleinburg DWS,DS,Heterotrophic Plate Count,26,4
2020,Kleinburg DWS,DS,Total Coliforms,51,0
2020,Kleinburg DWS,RW,Total Coliforms,104,0
2020,Mount Albert DWS,DS,E.Coli,52,0
2020,Mount Albert DWS,RW,E.Coli,156,0
2020,Mount Albert DWS,TW,E.Coli,104,0
2020,Mount Albert DWS,DS,Heterotrophic Plate Count,26,3
2020,Mount Albert DWS,TW,Heterotrophic Plate Count,104,26
2020,Mount Albert DWS,DS,Total Coliforms,52,0
2020,Mount Albert DWS,RW,Total Coliforms,156,0
2020,Mount Albert DWS,TW,Total Coliforms,104,0
2020,Newmarket DWS,DS,E.Coli,212,1
2020,Newmarket DWS,RW,E.Coli,199,0
2020,Newmarket DWS,TW,E.Coli,104,0
2020,Newmarket DWS,DS,Heterotrophic Plate Count,106,42
2020,Newmarket DWS,TW,Heterotrophic Plate Count,104,26
2020,Newmarket DWS,DS,Total Coliforms,211,0
2020,Newmarket DWS,RW,Total Coliforms,199,0
2020,Newmarket DWS,TW,Total Coliforms,104,0
2020,Nobleton DWS,DS,E.Coli,104,0
2020,Nobleton DWS,RW,E.Coli,155,0
2020,Nobleton DWS,TW,E.Coli,154,0
2020,Nobleton DWS,DS,Heterotrophic Plate Count,52,15
2020,Nobleton DWS,TW,Heterotrophic Plate Count,154,28
2020,Nobleton DWS,DS,Total Coliforms,104,0
2020,Nobleton DWS,RW,Total Coliforms,155,1
2020,Nobleton DWS,TW,Total Coliforms,154,0
2020,Schomberg DWS,DS,E.Coli,52,0
2020,Schomberg DWS,RW,E.Coli,150,0
2020,Schomberg DWS,TW,E.Coli,53,0
2020,Schomberg DWS,DS,Heterotrophic Plate Count,26,14
2020,Schomberg DWS,TW,Heterotrophic Plate Count,53,7
2020,Schomberg DWS,DS,Total Coliforms,52,0
2020,Schomberg DWS,RW,Total Coliforms,150,0
2020,Schomberg DWS,TW,Total Coliforms,53,0
2020,Sharon/Queensville DWS,DS,E.Coli,49,0
2020,Sharon/Queensville DWS,RW,E.Coli,195,0
2020,Sharon/Queensville DWS,TW,E.Coli,104,0
2020,Sharon/Queensville DWS,DS,Heterotrophic Plate Count,24,6
2020,Sharon/Queensville DWS,TW,Heterotrophic Plate Count,104,21
2020,Sharon/Queensville DWS,DS,Total Coliforms,49,0
2020,Sharon/Queensville DWS,RW,Total Coliforms,195,0
2020,Sharon/Queensville DWS,TW,Total Coliforms,104,0
2020,Stouffville DWS,DS,E.Coli,96,0
2020,Stouffville DWS,RW,E.Coli,235,0
2020,Stouffville DWS,TW,E.Coli,146,0
2020,Stouffville DWS,DS,Heterotrophic Plate Count,48,8
2020,Stouffville DWS,RW,Heterotrophic Plate Count,1,1
2020,Stouffville DWS,TW,Heterotrophic Plate Count,146,25
2020,Stouffville DWS,DS,Total Coliforms,96,0
2020,Stouffville DWS,RW,Total Coliforms,241,0
2020,Stouffville DWS,TW,Total Coliforms,146,0
2020,York DWS,DS,E.Coli,627,0
2020,York DWS,DS,Heterotrophic Plate Count,418,79
2020,York DWS,DS,Total Coliforms,627,0
