﻿REPORTING_YEAR,SYSTEM_NAME,APPROVAL_TYPE,APPROVAL_DESCRIPTION,APPROVAL_NUMBER,APPROVAL_ISSUE_NUMBER,APPROVAL_ISSUE_DATE,OPERATIONAL_PLAN_NUMBER,FINANCIAL_PLAN_NUMBER,APPROVAL_EXPIRY_DATE,APPROVAL_RENEWAL_DATE
2020,Ansnorveldt DWS,DWWP,Drinking Water Works Permit,013-208,5,1/10/2020,013-408,013-301A,9-Jan-25,7/10/2024
2020,Ansnorveldt DWS,MDWL,Municipal Drinking Water Licence,013-108,7,3/30/2020,013-408,013-301A,9-Jan-25,7/10/2024
2020,Ansnorveldt DWS,PTTW,Permit to Take Water,8037-94XPXR,,9/27/2011,,,31-Dec-21,12/31/2020
2020,Aurora DWS,DWWP,Drinking Water Works Permit,013-201,10,1/10/2020,013-401,013-301A,9-Jan-25,7/10/2024
2020,Aurora DWS,PTTW,Permit to Take Water,1736-BKZPJD,,1/29/2020,,,31-Dec-23,12/31/2022
2020,Ballantrae/Musselman's Lake DWS,DWWP,Drinking Water Works Permit,013-206,5,1/10/2020,013-408,013-301A,9-Jan-25,7/10/2024
2020,Ballantrae/Musselman's Lake DWS,MDWL,Municipal Drinking Water Licence,013-106,10,3/30/2020,013-406,013-301A,9-Jan-25,7/10/2024
2020,Ballantrae/Musselman's Lake DWS,PTTW,Permit to Take Water,2323-AM3HES,,5/16/2017,,,30-Apr-22,4/30/2021
2020,Georgina DWS,DWWP,Drinking Water Works Permit,013-204,5,1/10/2020,013-404,013-301A,9-Jan-25,7/10/2024
2020,Georgina DWS,MDWL,Municipal Drinking Water Licence,013-104,8,6/22/2020,013-404,013-301A,9-Jan-25,7/10/2024
2020,Georgina DWS,PTTW,Permit to Take Water,4523-8TGSMJ,,4/24/2012,,,22-Apr-22,4/22/2021
2020,Holland Landing DWS,DWWP,Drinking Water Works Permit,013-201,10,1/10/2020,013-401,013-301A,9-Jan-25,7/10/2024
2020,Holland Landing DWS,PTTW,Permit to Take Water,1736-BKZPJD,,1/29/2020,,,31-Dec-23,12/31/2022
2020,Keswick DWS,DWWP,Drinking Water Works Permit,013-204,5,1/10/2020,013-404,013-301A,9-Jan-25,7/10/2024
2020,Keswick DWS,MDWL,Municipal Drinking Water Licence,013-104,7,3/30/2020,013-404,013-301A,9-Jan-25,7/10/2024
2020,Keswick DWS,PTTW,Permit to Take Water,8413-994JDQ,,8/8/2013,,,30-Oct-23,10/30/2022
2020,King City DWS,DWWP,Drinking Water Works Permit,013-201,10,1/10/2020,013-401,013-301A,9-Jan-25,7/10/2024
2020,King City DWS,PTTW,Permit to Take Water,1407-9MRQYL,,9/5/2014,,,31-Dec-24,1/1/2023
2020,Kleinburg DWS,DWWP,Drinking Water Works Permit,013-201,10,1/10/2020,013-401,013-301A,9-Jan-25,7/10/2024
2020,Kleinburg DWS,PTTW,Permit to Take Water,1621-BPRNT8,,5/21/2020,,,30-Apr-30,4/30/2029
2020,Mount Albert DWS,DWWP,Drinking Water Works Permit,013-203,5,1/10/2020,013-403,013-301A,9-Jan-25,7/10/2024
2020,Mount Albert DWS,MDWL,Municipal Drinking Water Licence,013-103,6,3/30/2020,013-403,013-301A,9-Jan-25,7/10/2024
2020,Mount Albert DWS,PTTW,Permit to Take Water,1312-AVKKZM,,2/13/2018,,,14-Feb-28,2/14/2027
2020,Newmarket DWS,DWWP,Drinking Water Works Permit,013-201,10,1/10/2020,013-401,013-301A,9-Jan-25,7/10/2024
2020,Newmarket DWS,PTTW,Permit to Take Water,1736-BKZPJD,,1/29/2020,,,31-Dec-23,12/31/2022
2020,Nobleton DWS,DWWP,Drinking Water Works Permit,013-205,7,1/10/2020,013-405,013-301A,9-Jan-25,7/10/2024
2020,Nobleton DWS,MDWL,Municipal Drinking Water Licence,013-105,7,3/30/2020,013-405,013-301A,9-Jan-25,7/10/2024
2020,Nobleton DWS,PTTW,Permit To Take Water,2015-BK2KW2,,12/23/2019,,,20-Dec-29,12/20/2028
2020,Schomberg DWS,DWWP,Drinking Water Works Permit,013-210,5,1/10/2020,013-410,013-301A,9-Jan-25,7/10/2024
2020,Schomberg DWS,MDWL,Municipal Drinking Water Licence,013-110,6,1/10/2020,103-410,013-301A,9-Jan-25,7/10/2024
2020,Schomberg DWS,PTTW,Permit to Take Water,3424-AWDQA6,,4/11/2018,,,31-Mar-28,3/31/2027
2020,Sharon/Queensville DWS,DWWP,Drinking Water Works Permit,013-201,10,1/10/2020,013-401,013-301A,9-Jan-25,7/10/2024
2020,Sharon/Queensville DWS,PTTW,Permit to Take Water,1736-BKZPJD,,1/29/2020,,,31-Dec-23,12/31/2022
2020,Stouffville DWS,DWWP,Drinking Water Works Permit,013-201,10,1/10/2020,013-401,013-301A,9-Jan-25,7/10/2024
2020,Stouffville DWS,PTTW,Permit to Take Water,8125-AJ8Q32,,2/7/2017,,,28-Feb-22,2/28/2021
2020,Yonge Street Aquifer,PTTW,Permit to Take Water,1736-BKZPJD,,1/29/2020,,,31-Dec-23,12/31/2022
2020,York DWS,DWWP,Drinking Water Works Permit,013-201,10,1/10/2020,013-401,013-301A,9-Jan-25,7/10/2024
2020,York DWS,MDWL,Municipal Drinking Water Licence,013-101,9,3/30/2020,013-401,013-301A,9-Jan-25,7/10/2024
