﻿REPORTING_YEAR,SYSTEM_NAME,REPORTING_MONTH,REPORTING_MONTH_TEXT,SUPPLY_NAME,MONTHLY_VOL_m3,MONTHLY_AVG_DAILY_VOL_m3,MONTHLY_MAX_DAILY_VOL_m3,MONTHLY_MAX_DAILY_VOL_DAY
2020,Ansnorveldt DWS,1,January  ,Ansnorveldt DWS Total (Calc),1547.465,49.918,136.589,1/4/2020
2020,Ansnorveldt DWS,2,February ,Ansnorveldt DWS Total (Calc),1070.339,36.908,59.371,2/24/2020
2020,Ansnorveldt DWS,3,March    ,Ansnorveldt DWS Total (Calc),1131.799,36.51,62.59,3/2/2020
2020,Ansnorveldt DWS,4,April    ,Ansnorveldt DWS Total (Calc),1130.157,37.672,64.847,4/30/2020
2020,Ansnorveldt DWS,5,May      ,Ansnorveldt DWS Total (Calc),1619.356,52.237,103.665,5/28/2020
2020,Ansnorveldt DWS,6,June     ,Ansnorveldt DWS Total (Calc),1925.297,64.177,95.616,6/15/2020
2020,Ansnorveldt DWS,7,July     ,Ansnorveldt DWS Total (Calc),2233.704,72.055,117.63,7/23/2020
2020,Ansnorveldt DWS,8,August   ,Ansnorveldt DWS Total (Calc),1736.47,56.015,104.77,8/7/2020
2020,Ansnorveldt DWS,9,September,Ansnorveldt DWS Total (Calc),1401.75,46.725,73.1,9/23/2020
2020,Ansnorveldt DWS,10,October  ,Ansnorveldt DWS Total (Calc),1519.87,49.028,138.17,10/16/2020
2020,Ansnorveldt DWS,11,November ,Ansnorveldt DWS Total (Calc),1244.56,41.485,54.52,11/1/2020
2020,Ansnorveldt DWS,12,December ,Ansnorveldt DWS Total (Calc),1257.53,40.565,75.56,12/6/2020
2020,Ansnorveldt DWS,1,January  ,Ansnorveldt Well No. 2,1006.445,32.466,88.729,1/4/2020
2020,Ansnorveldt DWS,2,February ,Ansnorveldt Well No. 2,697.189,24.041,38.601,2/24/2020
2020,Ansnorveldt DWS,3,March    ,Ansnorveldt Well No. 2,730.729,23.572,40.76,3/2/2020
2020,Ansnorveldt DWS,4,April    ,Ansnorveldt Well No. 2,734.127,24.471,42.247,4/30/2020
2020,Ansnorveldt DWS,5,May      ,Ansnorveldt Well No. 2,1064.706,34.345,67.845,5/28/2020
2020,Ansnorveldt DWS,6,June     ,Ansnorveldt Well No. 2,1260.237,42.008,62.566,6/15/2020
2020,Ansnorveldt DWS,7,July     ,Ansnorveldt Well No. 2,1463.754,47.218,77.04,7/23/2020
2020,Ansnorveldt DWS,8,August   ,Ansnorveldt Well No. 2,1134.9,36.61,68.29,8/7/2020
2020,Ansnorveldt DWS,9,September,Ansnorveldt Well No. 2,911.7,30.39,47.61,9/23/2020
2020,Ansnorveldt DWS,10,October  ,Ansnorveldt Well No. 2,988.35,31.882,89.84,10/16/2020
2020,Ansnorveldt DWS,11,November ,Ansnorveldt Well No. 2,802.34,26.745,35.21,11/1/2020
2020,Ansnorveldt DWS,12,December ,Ansnorveldt Well No. 2,810.82,26.155,48.61,12/6/2020
2020,Ansnorveldt DWS,1,January  ,Ansnorveldt Well No. 3,541.02,17.452,47.86,1/4/2020
2020,Ansnorveldt DWS,2,February ,Ansnorveldt Well No. 3,373.15,12.867,20.77,2/24/2020
2020,Ansnorveldt DWS,3,March    ,Ansnorveldt Well No. 3,401.07,12.938,21.83,3/2/2020
2020,Ansnorveldt DWS,4,April    ,Ansnorveldt Well No. 3,396.03,13.201,22.6,4/30/2020
2020,Ansnorveldt DWS,5,May      ,Ansnorveldt Well No. 3,554.65,17.892,35.82,5/28/2020
2020,Ansnorveldt DWS,6,June     ,Ansnorveldt Well No. 3,665.06,22.169,33.05,6/15/2020
2020,Ansnorveldt DWS,7,July     ,Ansnorveldt Well No. 3,769.95,24.837,40.59,7/23/2020
2020,Ansnorveldt DWS,8,August   ,Ansnorveldt Well No. 3,601.57,19.405,36.48,8/7/2020
2020,Ansnorveldt DWS,9,September,Ansnorveldt Well No. 3,490.05,16.335,25.49,9/23/2020
2020,Ansnorveldt DWS,10,October  ,Ansnorveldt Well No. 3,531.52,17.146,48.33,10/16/2020
2020,Ansnorveldt DWS,11,November ,Ansnorveldt Well No. 3,442.22,14.741,19.31,11/1/2020
2020,Ansnorveldt DWS,12,December ,Ansnorveldt Well No. 3,446.71,14.41,26.95,12/6/2020
2020,Aurora DWS,1,January  ,Aurora DWS Total (Calc),159949.9,5159.674,7001,1/3/2020
2020,Aurora DWS,2,February ,Aurora DWS Total (Calc),184638.1,6366.831,8388.4,2/21/2020
2020,Aurora DWS,3,March    ,Aurora DWS Total (Calc),180387.3,5818.945,8026.5,3/7/2020
2020,Aurora DWS,4,April    ,Aurora DWS Total (Calc),172800.8,5760.027,7956.6,4/25/2020
2020,Aurora DWS,5,May      ,Aurora DWS Total (Calc),194769.9,6282.9,9169.1,5/26/2020
2020,Aurora DWS,6,June     ,Aurora DWS Total (Calc),243606.9,8120.23,10802,6/15/2020
2020,Aurora DWS,7,July     ,Aurora DWS Total (Calc),253512,8177.806,11605,7/6/2020
2020,Aurora DWS,8,August   ,Aurora DWS Total (Calc),238862.2,7705.232,13189,8/29/2020
2020,Aurora DWS,9,September,Aurora DWS Total (Calc),210620,7020.667,8988,9/5/2020
2020,Aurora DWS,10,October  ,Aurora DWS Total (Calc),168764.8,5444.026,6945,10/1/2020
2020,Aurora DWS,11,November ,Aurora DWS Total (Calc),166626.1,5554.203,7470,11/22/2020
2020,Aurora DWS,12,December ,Aurora DWS Total (Calc),169454,5466.258,10627,12/17/2020
2020,Aurora DWS,1,January  ,Aurora Well No. 1,19029.1,613.842,1833.5,1/27/2020
2020,Aurora DWS,2,February ,Aurora Well No. 1,5386.6,185.745,1210.5,2/7/2020
2020,Aurora DWS,3,March    ,Aurora Well No. 1,4983.4,160.755,836.5,3/23/2020
2020,Aurora DWS,4,April    ,Aurora Well No. 1,956.8,31.893,781.6,4/30/2020
2020,Aurora DWS,5,May      ,Aurora Well No. 1,24460.2,789.039,1641.8,5/27/2020
2020,Aurora DWS,6,June     ,Aurora Well No. 1,27357.7,911.923,2318.7,6/17/2020
2020,Aurora DWS,7,July     ,Aurora Well No. 1,37198,1199.935,2623.6,7/17/2020
2020,Aurora DWS,8,August   ,Aurora Well No. 1,14877.2,479.91,1744.8,8/7/2020
2020,Aurora DWS,9,September,Aurora Well No. 1,1164,38.8,323.9,9/2/2020
2020,Aurora DWS,10,October  ,Aurora Well No. 1,32762.8,1056.865,1943.5,10/28/2020
2020,Aurora DWS,11,November ,Aurora Well No. 1,27880.1,929.337,1977.9,11/13/2020
2020,Aurora DWS,12,December ,Aurora Well No. 1,33858,1092.194,1873.1,12/3/2020
2020,Aurora DWS,1,January  ,Aurora Well No. 1-4,140080,4518.71,6114,1/4/2020
2020,Aurora DWS,2,February ,Aurora Well No. 1-4,141083,4864.931,5955,2/13/2020
2020,Aurora DWS,3,March    ,Aurora Well No. 1-4,130633,4213.968,5229,3/2/2020
2020,Aurora DWS,4,April    ,Aurora Well No. 1-4,135044,4501.467,6313,4/23/2020
2020,Aurora DWS,5,May      ,Aurora Well No. 1-4,164772,5315.226,7164,5/26/2020
2020,Aurora DWS,6,June     ,Aurora Well No. 1-4,187415,6247.167,8860,6/17/2020
2020,Aurora DWS,7,July     ,Aurora Well No. 1-4,209057,6743.774,8635,7/6/2020
2020,Aurora DWS,8,August   ,Aurora Well No. 1-4,184598,5954.774,8687,8/29/2020
2020,Aurora DWS,9,September,Aurora Well No. 1-4,171397,5713.233,6788,9/1/2020
2020,Aurora DWS,10,October  ,Aurora Well No. 1-4,140849,4543.516,6272,10/1/2020
2020,Aurora DWS,11,November ,Aurora Well No. 1-4,136009,4533.633,5659,11/24/2020
2020,Aurora DWS,12,December ,Aurora Well No. 1-4,143204,4619.484,7329,12/17/2020
2020,Aurora DWS,1,January  ,Aurora Well No. 1-4 (Calc),140079,4518.677,6113.4,1/4/2020
2020,Aurora DWS,2,February ,Aurora Well No. 1-4 (Calc),141082.8,4864.924,5955.7,2/13/2020
2020,Aurora DWS,3,March    ,Aurora Well No. 1-4 (Calc),130633.8,4213.994,5229.6,3/2/2020
2020,Aurora DWS,4,April    ,Aurora Well No. 1-4 (Calc),135044,4501.467,6313,4/23/2020
2020,Aurora DWS,5,May      ,Aurora Well No. 1-4 (Calc),164772.2,5315.232,7164,5/26/2020
2020,Aurora DWS,6,June     ,Aurora Well No. 1-4 (Calc),187414.7,6247.157,8860.7,6/17/2020
2020,Aurora DWS,7,July     ,Aurora Well No. 1-4 (Calc),209057,6743.774,8635,7/6/2020
2020,Aurora DWS,8,August   ,Aurora Well No. 1-4 (Calc),184598.2,5954.781,8686,8/29/2020
2020,Aurora DWS,9,September,Aurora Well No. 1-4 (Calc),171395,5713.167,6788,9/1/2020
2020,Aurora DWS,10,October  ,Aurora Well No. 1-4 (Calc),140849.8,4543.542,6272,10/1/2020
2020,Aurora DWS,11,November ,Aurora Well No. 1-4 (Calc),136008.1,4533.603,5659,11/24/2020
2020,Aurora DWS,12,December ,Aurora Well No. 1-4 (Calc),143205,4619.516,7328,12/17/2020
2020,Aurora DWS,1,January  ,Aurora Well No. 2,43004.5,1387.242,3147.8,1/4/2020
2020,Aurora DWS,2,February ,Aurora Well No. 2,61415,2117.759,3109,2/13/2020
2020,Aurora DWS,3,March    ,Aurora Well No. 2,53962,1740.71,2733,3/2/2020
2020,Aurora DWS,4,April    ,Aurora Well No. 2,69334,2311.133,3636,4/30/2020
2020,Aurora DWS,5,May      ,Aurora Well No. 2,39824,1284.645,3738,5/26/2020
2020,Aurora DWS,6,June     ,Aurora Well No. 2,48417,1613.9,3955,6/30/2020
2020,Aurora DWS,7,July     ,Aurora Well No. 2,48163,1553.645,4507,7/6/2020
2020,Aurora DWS,8,August   ,Aurora Well No. 2,72114,2326.258,4552,8/29/2020
2020,Aurora DWS,9,September,Aurora Well No. 2,88019,2933.967,3546,9/1/2020
2020,Aurora DWS,10,October  ,Aurora Well No. 2,56092,1809.419,3276,10/1/2020
2020,Aurora DWS,11,November ,Aurora Well No. 2,60650,2021.667,3313,11/13/2020
2020,Aurora DWS,12,December ,Aurora Well No. 2,28082,905.871,3796,12/17/2020
2020,Aurora DWS,1,January  ,Aurora Well No. 3,39350.4,1269.368,2965.6,1/4/2020
2020,Aurora DWS,2,February ,Aurora Well No. 3,56178.2,1937.179,2846.7,2/13/2020
2020,Aurora DWS,3,March    ,Aurora Well No. 3,51149.4,1649.981,2496.6,3/2/2020
2020,Aurora DWS,4,April    ,Aurora Well No. 3,62963.2,2098.773,4274,4/23/2020
2020,Aurora DWS,5,May      ,Aurora Well No. 3,42721,1378.097,4458,5/7/2020
2020,Aurora DWS,6,June     ,Aurora Well No. 3,44319,1477.3,3618,6/30/2020
2020,Aurora DWS,7,July     ,Aurora Well No. 3,47613,1535.903,4128,7/6/2020
2020,Aurora DWS,8,August   ,Aurora Well No. 3,69826,2252.452,4134,8/29/2020
2020,Aurora DWS,9,September,Aurora Well No. 3,80495,2683.167,3242,9/1/2020
2020,Aurora DWS,10,October  ,Aurora Well No. 3,51220,1652.258,2996,10/1/2020
2020,Aurora DWS,11,November ,Aurora Well No. 3,47130,1571,2705,11/24/2020
2020,Aurora DWS,12,December ,Aurora Well No. 3,60663,1956.871,3480,12/17/2020
2020,Aurora DWS,1,January  ,Aurora Well No. 4,38695,1248.226,3782,1/27/2020
2020,Aurora DWS,2,February ,Aurora Well No. 4,18103,624.241,3451,2/7/2020
2020,Aurora DWS,3,March    ,Aurora Well No. 4,20539,662.548,3464,3/23/2020
2020,Aurora DWS,4,April    ,Aurora Well No. 4,1790,59.667,1280,4/30/2020
2020,Aurora DWS,5,May      ,Aurora Well No. 4,57767,1863.452,3859,5/14/2020
2020,Aurora DWS,6,June     ,Aurora Well No. 4,67321,2244.033,5286,6/17/2020
2020,Aurora DWS,7,July     ,Aurora Well No. 4,76083,2454.29,5136,7/17/2020
2020,Aurora DWS,8,August   ,Aurora Well No. 4,27781,896.161,3982,8/7/2020
2020,Aurora DWS,9,September,Aurora Well No. 4,1717,57.233,627,9/2/2020
2020,Aurora DWS,10,October  ,Aurora Well No. 4,775,25,249,10/21/2020
2020,Aurora DWS,11,November ,Aurora Well No. 4,348,11.6,124,11/4/2020
2020,Aurora DWS,12,December ,Aurora Well No. 4,20602,664.581,3200,12/26/2020
2020,Aurora DWS,1,January  ,Aurora Well No. 5,19870.9,640.997,1512.8,1/6/2020
2020,Aurora DWS,2,February ,Aurora Well No. 5,43555.3,1501.907,2960.7,2/23/2020
2020,Aurora DWS,3,March    ,Aurora Well No. 5,49753.5,1604.952,2838.8,3/7/2020
2020,Aurora DWS,4,April    ,Aurora Well No. 5,37756.8,1258.56,3319.4,4/6/2020
2020,Aurora DWS,5,May      ,Aurora Well No. 5,29997.7,967.668,2873.8,5/3/2020
2020,Aurora DWS,6,June     ,Aurora Well No. 5,56192.2,1873.073,3721,6/20/2020
2020,Aurora DWS,7,July     ,Aurora Well No. 5,44455,1434.032,3750,7/5/2020
2020,Aurora DWS,8,August   ,Aurora Well No. 5,54264,1750.452,4503,8/29/2020
2020,Aurora DWS,9,September,Aurora Well No. 5,39225,1307.5,3123,9/5/2020
2020,Aurora DWS,10,October  ,Aurora Well No. 5,27915,900.484,3008,10/25/2020
2020,Aurora DWS,11,November ,Aurora Well No. 5,30618,1020.6,2474,11/8/2020
2020,Aurora DWS,12,December ,Aurora Well No. 5,26249,846.742,3299,12/17/2020
2020,Aurora DWS,1,January  ,Aurora Well No. 6,0,0,0,1/1/2020
2020,Aurora DWS,2,February ,Aurora Well No. 6,0,0,0,2/1/2020
2020,Aurora DWS,3,March    ,Aurora Well No. 6,0,0,0,3/1/2020
2020,Aurora DWS,4,April    ,Aurora Well No. 6,0,0,0,4/1/2020
2020,Aurora DWS,5,May      ,Aurora Well No. 6,0,0,0,5/1/2020
2020,Aurora DWS,6,June     ,Aurora Well No. 6,0,0,0,6/1/2020
2020,Aurora DWS,7,July     ,Aurora Well No. 6,0,0,0,7/1/2020
2020,Aurora DWS,8,August   ,Aurora Well No. 6,0,0,0,8/1/2020
2020,Aurora DWS,9,September,Aurora Well No. 6,0,0,0,9/1/2020
2020,Aurora DWS,10,October  ,Aurora Well No. 6,0,0,0,10/1/2020
2020,Aurora DWS,11,November ,Aurora Well No. 6,0,0,0,11/1/2020
2020,Aurora DWS,12,December ,Aurora Well No. 6,0,0,0,12/1/2020
2020,Ballantrae/Musselman's Lake DWS,1,January  ,Ballantrae Well No. 1,9449.3,304.816,711,1/26/2020
2020,Ballantrae/Musselman's Lake DWS,2,February ,Ballantrae Well No. 1,6690.7,230.714,1072.8,2/20/2020
2020,Ballantrae/Musselman's Lake DWS,3,March    ,Ballantrae Well No. 1,15602.2,503.297,1366.2,3/14/2020
2020,Ballantrae/Musselman's Lake DWS,4,April    ,Ballantrae Well No. 1,8530.6,284.353,674.3,4/26/2020
2020,Ballantrae/Musselman's Lake DWS,5,May      ,Ballantrae Well No. 1,7503.8,242.058,908.2,5/15/2020
2020,Ballantrae/Musselman's Lake DWS,6,June     ,Ballantrae Well No. 1,15230.2,507.673,1622.6,6/16/2020
2020,Ballantrae/Musselman's Lake DWS,7,July     ,Ballantrae Well No. 1,17450,562.903,2243.2,7/10/2020
2020,Ballantrae/Musselman's Lake DWS,8,August   ,Ballantrae Well No. 1,17761.7,572.958,1556,8/14/2020
2020,Ballantrae/Musselman's Lake DWS,9,September,Ballantrae Well No. 1,12255.2,408.507,1225.1,9/17/2020
2020,Ballantrae/Musselman's Lake DWS,10,October  ,Ballantrae Well No. 1,10416.2,336.006,1073.2,10/6/2020
2020,Ballantrae/Musselman's Lake DWS,11,November ,Ballantrae Well No. 1,458.5,15.283,292.2,11/4/2020
2020,Ballantrae/Musselman's Lake DWS,12,December ,Ballantrae Well No. 1,0,0,0,12/1/2020
2020,Ballantrae/Musselman's Lake DWS,1,January  ,Ballantrae Well No. 2,3330.3,107.429,614.2,1/27/2020
2020,Ballantrae/Musselman's Lake DWS,2,February ,Ballantrae Well No. 2,5203.8,179.441,654.4,2/14/2020
2020,Ballantrae/Musselman's Lake DWS,3,March    ,Ballantrae Well No. 2,3654,117.871,598.8,3/30/2020
2020,Ballantrae/Musselman's Lake DWS,4,April    ,Ballantrae Well No. 2,7104.2,236.807,649.4,4/14/2020
2020,Ballantrae/Musselman's Lake DWS,5,May      ,Ballantrae Well No. 2,13526.4,436.335,1265.6,5/23/2020
2020,Ballantrae/Musselman's Lake DWS,6,June     ,Ballantrae Well No. 2,20219.3,673.977,1611.7,6/4/2020
2020,Ballantrae/Musselman's Lake DWS,7,July     ,Ballantrae Well No. 2,30188.2,973.813,2245.3,7/3/2020
2020,Ballantrae/Musselman's Lake DWS,8,August   ,Ballantrae Well No. 2,15406.6,496.987,1655.7,8/20/2020
2020,Ballantrae/Musselman's Lake DWS,9,September,Ballantrae Well No. 2,13044.8,434.827,1250,9/27/2020
2020,Ballantrae/Musselman's Lake DWS,10,October  ,Ballantrae Well No. 2,6397.8,206.381,823.5,10/10/2020
2020,Ballantrae/Musselman's Lake DWS,11,November ,Ballantrae Well No. 2,13548.5,451.617,866.7,11/22/2020
2020,Ballantrae/Musselman's Lake DWS,12,December ,Ballantrae Well No. 2,14448.7,466.087,881.8,12/19/2020
2020,Ballantrae/Musselman's Lake DWS,1,January  ,Ballantrae Well No. 3,13581,438.097,1260,1/2/2020
2020,Ballantrae/Musselman's Lake DWS,2,February ,Ballantrae Well No. 3,14401,496.586,1427,2/3/2020
2020,Ballantrae/Musselman's Lake DWS,3,March    ,Ballantrae Well No. 3,9649,311.258,579,3/21/2020
2020,Ballantrae/Musselman's Lake DWS,4,April    ,Ballantrae Well No. 3,14622,487.4,659,4/26/2020
2020,Ballantrae/Musselman's Lake DWS,5,May      ,Ballantrae Well No. 3,20452,659.742,1221,5/23/2020
2020,Ballantrae/Musselman's Lake DWS,6,June     ,Ballantrae Well No. 3,34848,1161.6,1795,6/22/2020
2020,Ballantrae/Musselman's Lake DWS,7,July     ,Ballantrae Well No. 3,44832,1446.194,2106,7/3/2020
2020,Ballantrae/Musselman's Lake DWS,8,August   ,Ballantrae Well No. 3,31383,1012.355,1580,8/20/2020
2020,Ballantrae/Musselman's Lake DWS,9,September,Ballantrae Well No. 3,23385,779.5,1203,9/4/2020
2020,Ballantrae/Musselman's Lake DWS,10,October  ,Ballantrae Well No. 3,16464,531.097,1086,10/27/2020
2020,Ballantrae/Musselman's Lake DWS,11,November ,Ballantrae Well No. 3,15697,523.233,1488,11/27/2020
2020,Ballantrae/Musselman's Lake DWS,12,December ,Ballantrae Well No. 3,15575,502.419,1137,12/14/2020
2020,Ballantrae/Musselman's Lake DWS,1,January  ,Ballantrae/Musselman's Lake DWS Total (Calc),26360.6,850.342,1681.6,1/2/2020
2020,Ballantrae/Musselman's Lake DWS,2,February ,Ballantrae/Musselman's Lake DWS Total (Calc),26295.5,906.741,1503.4,2/1/2020
2020,Ballantrae/Musselman's Lake DWS,3,March    ,Ballantrae/Musselman's Lake DWS Total (Calc),28905.2,932.426,1366.2,3/14/2020
2020,Ballantrae/Musselman's Lake DWS,4,April    ,Ballantrae/Musselman's Lake DWS Total (Calc),30256.8,1008.56,1333.3,4/26/2020
2020,Ballantrae/Musselman's Lake DWS,5,May      ,Ballantrae/Musselman's Lake DWS Total (Calc),41482.2,1338.135,2486.6,5/23/2020
2020,Ballantrae/Musselman's Lake DWS,6,June     ,Ballantrae/Musselman's Lake DWS Total (Calc),70297.5,2343.25,3536,6/29/2020
2020,Ballantrae/Musselman's Lake DWS,7,July     ,Ballantrae/Musselman's Lake DWS Total (Calc),92470.2,2982.91,4351.3,7/3/2020
2020,Ballantrae/Musselman's Lake DWS,8,August   ,Ballantrae/Musselman's Lake DWS Total (Calc),64551.3,2082.3,3235.7,8/20/2020
2020,Ballantrae/Musselman's Lake DWS,9,September,Ballantrae/Musselman's Lake DWS Total (Calc),48685,1622.833,2445,9/27/2020
2020,Ballantrae/Musselman's Lake DWS,10,October  ,Ballantrae/Musselman's Lake DWS Total (Calc),33278,1073.484,1990.2,10/6/2020
2020,Ballantrae/Musselman's Lake DWS,11,November ,Ballantrae/Musselman's Lake DWS Total (Calc),29704,990.133,1731.7,11/25/2020
2020,Ballantrae/Musselman's Lake DWS,12,December ,Ballantrae/Musselman's Lake DWS Total (Calc),30023.7,968.506,1739.8,12/19/2020
2020,Georgina DWS,1,January  ,Georgina DWS Total (Calc),180111.5,5810.048,12585,1/26/2020
2020,Georgina DWS,2,February ,Georgina DWS Total (Calc),182512,6293.517,10896,2/14/2020
2020,Georgina DWS,3,March    ,Georgina DWS Total (Calc),177361.5,5721.339,9353,3/24/2020
2020,Georgina DWS,4,April    ,Georgina DWS Total (Calc),170385.5,5679.517,7180,4/2/2020
2020,Georgina DWS,5,May      ,Georgina DWS Total (Calc),200635,6472.097,8989,5/24/2020
2020,Georgina DWS,6,June     ,Georgina DWS Total (Calc),224678.5,7489.283,10074,6/19/2020
2020,Georgina DWS,7,July     ,Georgina DWS Total (Calc),267980,8644.516,11412.5,7/14/2020
2020,Georgina DWS,8,August   ,Georgina DWS Total (Calc),242784.5,7831.758,10992.5,8/10/2020
2020,Georgina DWS,9,September,Georgina DWS Total (Calc),211138,7037.933,9261.5,9/17/2020
2020,Georgina DWS,10,October  ,Georgina DWS Total (Calc),198614,6406.903,8617,10/1/2020
2020,Georgina DWS,11,November ,Georgina DWS Total (Calc),159018.5,5300.617,6832,11/2/2020
2020,Georgina DWS,12,December ,Georgina DWS Total (Calc),160140.5,5165.823,6675,12/27/2020
2020,Georgina DWS,1,January  ,Georgina WTP - Raw Water (Low Lift),205840,6640,14108,1/26/2020
2020,Georgina DWS,2,February ,Georgina WTP - Raw Water (Low Lift),208952,7205.241,12478,2/14/2020
2020,Georgina DWS,3,March    ,Georgina WTP - Raw Water (Low Lift),205394,6625.613,10886,3/24/2020
2020,Georgina DWS,4,April    ,Georgina WTP - Raw Water (Low Lift),198210,6607,8279,4/2/2020
2020,Georgina DWS,5,May      ,Georgina WTP - Raw Water (Low Lift),232496,7499.871,10920,5/19/2020
2020,Georgina DWS,6,June     ,Georgina WTP - Raw Water (Low Lift),258960,8632,11643,6/19/2020
2020,Georgina DWS,7,July     ,Georgina WTP - Raw Water (Low Lift),295592,9535.226,13261,7/14/2020
2020,Georgina DWS,8,August   ,Georgina WTP - Raw Water (Low Lift),279834,9026.903,12715,8/10/2020
2020,Georgina DWS,9,September,Georgina WTP - Raw Water (Low Lift),243602,8120.067,10618,9/17/2020
2020,Georgina DWS,10,October  ,Georgina WTP - Raw Water (Low Lift),225810,7284.194,9945,10/1/2020
2020,Georgina DWS,11,November ,Georgina WTP - Raw Water (Low Lift),182311,6077.033,7913,11/2/2020
2020,Georgina DWS,12,December ,Georgina WTP - Raw Water (Low Lift),185542,5985.226,7461,12/21/2020
2020,Georgina DWS,1,January  ,Georgina WTP - Treated to Keswick,147394.5,4754.661,10579,1/26/2020
2020,Georgina DWS,2,February ,Georgina WTP - Treated to Keswick,159365,5495.345,9712,2/14/2020
2020,Georgina DWS,3,March    ,Georgina WTP - Treated to Keswick,148476.5,4789.565,8604,3/24/2020
2020,Georgina DWS,4,April    ,Georgina WTP - Treated to Keswick,143360.5,4778.683,5880.5,4/24/2020
2020,Georgina DWS,5,May      ,Georgina WTP - Treated to Keswick,159371,5141,7349,5/24/2020
2020,Georgina DWS,6,June     ,Georgina WTP - Treated to Keswick,176963.5,5898.783,8064,6/19/2020
2020,Georgina DWS,7,July     ,Georgina WTP - Treated to Keswick,212766,6863.419,10408.5,7/14/2020
2020,Georgina DWS,8,August   ,Georgina WTP - Treated to Keswick,198415.5,6400.5,8523.5,8/10/2020
2020,Georgina DWS,9,September,Georgina WTP - Treated to Keswick,169956,5665.2,7287,9/1/2020
2020,Georgina DWS,10,October  ,Georgina WTP - Treated to Keswick,151385,4883.387,6619.5,10/4/2020
2020,Georgina DWS,11,November ,Georgina WTP - Treated to Keswick,111229.5,3707.65,4903.5,11/7/2020
2020,Georgina DWS,12,December ,Georgina WTP - Treated to Keswick,118777.5,3831.532,5183,12/27/2020
2020,Georgina DWS,1,January  ,Georgina WTP - Treated to Sutton,70204,2264.645,3512,1/20/2020
2020,Georgina DWS,2,February ,Georgina WTP - Treated to Sutton,62373,2150.793,2860,2/6/2020
2020,Georgina DWS,3,March    ,Georgina WTP - Treated to Sutton,65082,2099.419,2989,3/6/2020
2020,Georgina DWS,4,April    ,Georgina WTP - Treated to Sutton,59779,1992.633,2480,4/3/2020
2020,Georgina DWS,5,May      ,Georgina WTP - Treated to Sutton,71351,2301.645,3849,5/22/2020
2020,Georgina DWS,6,June     ,Georgina WTP - Treated to Sutton,80082,2669.4,3864,6/28/2020
2020,Georgina DWS,7,July     ,Georgina WTP - Treated to Sutton,90660,2924.516,4236,7/7/2020
2020,Georgina DWS,8,August   ,Georgina WTP - Treated to Sutton,81001,2612.935,3968,8/14/2020
2020,Georgina DWS,9,September,Georgina WTP - Treated to Sutton,73981,2466.033,3712,9/8/2020
2020,Georgina DWS,10,October  ,Georgina WTP - Treated to Sutton,69078,2228.323,3362,10/1/2020
2020,Georgina DWS,11,November ,Georgina WTP - Treated to Sutton,67190,2239.667,3955,11/2/2020
2020,Georgina DWS,12,December ,Georgina WTP - Treated to Sutton,69314,2235.935,3351,12/21/2020
2020,Holland Landing DWS,1,January  ,Holland Landing Well No. 1,14384,464,864,1/27/2020
2020,Holland Landing DWS,2,February ,Holland Landing Well No. 1,11154,384.621,551,2/22/2020
2020,Holland Landing DWS,3,March    ,Holland Landing Well No. 1,13536,436.645,536,3/30/2020
2020,Holland Landing DWS,4,April    ,Holland Landing Well No. 1,13218,440.6,712,4/8/2020
2020,Holland Landing DWS,5,May      ,Holland Landing Well No. 1,14912,481.032,773,5/23/2020
2020,Holland Landing DWS,6,June     ,Holland Landing Well No. 1,18115,603.833,889,6/17/2020
2020,Holland Landing DWS,7,July     ,Holland Landing Well No. 1,20221,652.29,836,7/8/2020
2020,Holland Landing DWS,8,August   ,Holland Landing Well No. 1,15876,512.129,819,8/13/2020
2020,Holland Landing DWS,9,September,Holland Landing Well No. 1,13276,442.533,559,9/21/2020
2020,Holland Landing DWS,10,October  ,Holland Landing Well No. 1,12335,397.903,453,10/12/2020
2020,Holland Landing DWS,11,November ,Holland Landing Well No. 1,13748,458.267,721,11/29/2020
2020,Holland Landing DWS,12,December ,Holland Landing Well No. 1,16068,518.323,759,12/14/2020
2020,Holland Landing DWS,1,January  ,Holland Landing Well No. 1&2 (Calc),32121,1036.161,1416,1/12/2020
2020,Holland Landing DWS,2,February ,Holland Landing Well No. 1&2 (Calc),29050,1001.724,1388,2/22/2020
2020,Holland Landing DWS,3,March    ,Holland Landing Well No. 1&2 (Calc),34299,1106.419,1366,3/30/2020
2020,Holland Landing DWS,4,April    ,Holland Landing Well No. 1&2 (Calc),35130,1171,1848,4/8/2020
2020,Holland Landing DWS,5,May      ,Holland Landing Well No. 1&2 (Calc),40713,1313.323,2016,5/23/2020
2020,Holland Landing DWS,6,June     ,Holland Landing Well No. 1&2 (Calc),45648,1521.6,2332,6/17/2020
2020,Holland Landing DWS,7,July     ,Holland Landing Well No. 1&2 (Calc),52526,1694.387,2211,7/8/2020
2020,Holland Landing DWS,8,August   ,Holland Landing Well No. 1&2 (Calc),41025,1323.387,1844,8/24/2020
2020,Holland Landing DWS,9,September,Holland Landing Well No. 1&2 (Calc),35463,1182.1,1472,9/21/2020
2020,Holland Landing DWS,10,October  ,Holland Landing Well No. 1&2 (Calc),32855,1059.839,1253,10/14/2020
2020,Holland Landing DWS,11,November ,Holland Landing Well No. 1&2 (Calc),32122.795,1070.76,1883.64,11/29/2020
2020,Holland Landing DWS,12,December ,Holland Landing Well No. 1&2 (Calc),48109.22,1551.91,1975.79,12/14/2020
2020,Holland Landing DWS,1,January  ,Holland Landing Well No. 2,17737,572.161,867,1/12/2020
2020,Holland Landing DWS,2,February ,Holland Landing Well No. 2,17896,617.103,837,2/22/2020
2020,Holland Landing DWS,3,March    ,Holland Landing Well No. 2,20763,669.774,831,3/23/2020
2020,Holland Landing DWS,4,April    ,Holland Landing Well No. 2,21912,730.4,1136,4/8/2020
2020,Holland Landing DWS,5,May      ,Holland Landing Well No. 2,25801,832.29,1243,5/23/2020
2020,Holland Landing DWS,6,June     ,Holland Landing Well No. 2,27533,917.767,1443,6/17/2020
2020,Holland Landing DWS,7,July     ,Holland Landing Well No. 2,32305,1042.097,1375,7/8/2020
2020,Holland Landing DWS,8,August   ,Holland Landing Well No. 2,25149,811.258,1171,8/24/2020
2020,Holland Landing DWS,9,September,Holland Landing Well No. 2,22187,739.567,976,9/16/2020
2020,Holland Landing DWS,10,October  ,Holland Landing Well No. 2,20520,661.935,859,10/14/2020
2020,Holland Landing DWS,11,November ,Holland Landing Well No. 2,18374.795,612.493,1162.64,11/29/2020
2020,Holland Landing DWS,12,December ,Holland Landing Well No. 2,32041.22,1033.588,1379.35,12/24/2020
2020,Keswick DWS,1,January  ,Keswick DWS Total (Calc),87658.48,2827.693,4363.969,1/18/2020
2020,Keswick DWS,2,February ,Keswick DWS Total (Calc),68894.039,2375.657,5104.289,2/7/2020
2020,Keswick DWS,3,March    ,Keswick DWS Total (Calc),95587.484,3083.467,4381.875,3/10/2020
2020,Keswick DWS,4,April    ,Keswick DWS Total (Calc),88625.188,2954.173,3629.844,4/3/2020
2020,Keswick DWS,5,May      ,Keswick DWS Total (Calc),93296.531,3009.566,3785,5/24/2020
2020,Keswick DWS,6,June     ,Keswick DWS Total (Calc),102957.938,3431.931,4855.906,6/19/2020
2020,Keswick DWS,7,July     ,Keswick DWS Total (Calc),103621.563,3342.631,5307.438,7/31/2020
2020,Keswick DWS,8,August   ,Keswick DWS Total (Calc),82994.125,2677.23,4542.5,8/20/2020
2020,Keswick DWS,9,September,Keswick DWS Total (Calc),82705.125,2756.838,4469.5,9/22/2020
2020,Keswick DWS,10,October  ,Keswick DWS Total (Calc),83544.688,2694.99,4135.063,10/1/2020
2020,Keswick DWS,11,November ,Keswick DWS Total (Calc),102825.063,3427.502,4377.688,11/22/2020
2020,Keswick DWS,12,December ,Keswick DWS Total (Calc),106772.063,3444.26,5437.625,12/15/2020
2020,Keswick DWS,1,January  ,Keswick WTP - Treated,87658.48,2827.693,4363.969,1/18/2020
2020,Keswick DWS,2,February ,Keswick WTP - Treated,68894.039,2375.657,5104.289,2/7/2020
2020,Keswick DWS,3,March    ,Keswick WTP - Treated,95587.484,3083.467,4381.875,3/10/2020
2020,Keswick DWS,4,April    ,Keswick WTP - Treated,88625.188,2954.173,3629.844,4/3/2020
2020,Keswick DWS,5,May      ,Keswick WTP - Treated,93296.531,3009.566,3785,5/24/2020
2020,Keswick DWS,6,June     ,Keswick WTP - Treated,102957.938,3431.931,4855.906,6/19/2020
2020,Keswick DWS,7,July     ,Keswick WTP - Treated,103621.563,3342.631,5307.438,7/31/2020
2020,Keswick DWS,8,August   ,Keswick WTP - Treated,82994.125,2677.23,4542.5,8/20/2020
2020,Keswick DWS,9,September,Keswick WTP - Treated,82705.125,2756.838,4469.5,9/22/2020
2020,Keswick DWS,10,October  ,Keswick WTP - Treated,83544.688,2694.99,4135.063,10/1/2020
2020,Keswick DWS,11,November ,Keswick WTP - Treated,102825.063,3427.502,4377.688,11/22/2020
2020,Keswick DWS,12,December ,Keswick WTP - Treated,106772.063,3444.26,5437.625,12/15/2020
2020,Keswick DWS,1,January  ,Raw Water (Low lift) @ Keswick WTP,94026,3033.097,4921,1/18/2020
2020,Keswick DWS,2,February ,Raw Water (Low lift) @ Keswick WTP,76623,2642.172,5522,2/7/2020
2020,Keswick DWS,3,March    ,Raw Water (Low lift) @ Keswick WTP,106251,3427.452,4805,3/10/2020
2020,Keswick DWS,4,April    ,Raw Water (Low lift) @ Keswick WTP,97703,3256.767,3949,4/24/2020
2020,Keswick DWS,5,May      ,Raw Water (Low lift) @ Keswick WTP,101935,3288.226,4034,5/24/2020
2020,Keswick DWS,6,June     ,Raw Water (Low lift) @ Keswick WTP,113254,3775.133,5302,6/19/2020
2020,Keswick DWS,7,July     ,Raw Water (Low lift) @ Keswick WTP,114406,3690.516,6071,7/31/2020
2020,Keswick DWS,8,August   ,Raw Water (Low lift) @ Keswick WTP,93201,3006.484,5220,8/20/2020
2020,Keswick DWS,9,September,Raw Water (Low lift) @ Keswick WTP,92171,3072.367,4718,9/22/2020
2020,Keswick DWS,10,October  ,Raw Water (Low lift) @ Keswick WTP,91666,2956.968,4570,10/1/2020
2020,Keswick DWS,11,November ,Raw Water (Low lift) @ Keswick WTP,114227,3807.567,4823,11/22/2020
2020,Keswick DWS,12,December ,Raw Water (Low lift) @ Keswick WTP,118957,3837.323,6088,12/15/2020
2020,King City DWS,1,January  ,King City Well No. 3,182.185,5.877,70.65,1/22/2020
2020,King City DWS,2,February ,King City Well No. 3,194.439,6.705,49.97,2/19/2020
2020,King City DWS,3,March    ,King City Well No. 3,279.117,9.004,104.522,3/20/2020
2020,King City DWS,4,April    ,King City Well No. 3,222.212,7.407,76.239,4/8/2020
2020,King City DWS,5,May      ,King City Well No. 3,138.099,4.455,45.19,5/6/2020
2020,King City DWS,6,June     ,King City Well No. 3,161.306,5.377,47.141,6/10/2020
2020,King City DWS,7,July     ,King City Well No. 3,173.34,5.592,45.384,7/8/2020
2020,King City DWS,8,August   ,King City Well No. 3,156.359,5.044,44.465,8/5/2020
2020,King City DWS,9,September,King City Well No. 3,220.075,7.336,46.89,9/16/2020
2020,King City DWS,10,October  ,King City Well No. 3,91.563,2.954,26.098,10/28/2020
2020,King City DWS,11,November ,King City Well No. 3,105.703,3.523,36.868,11/11/2020
2020,King City DWS,12,December ,King City Well No. 3,138.459,4.466,57.918,12/2/2020
2020,King City DWS,1,January  ,King City Well No. 3&4 (Calc),197.648,6.376,77.343,1/22/2020
2020,King City DWS,2,February ,King City Well No. 3&4 (Calc),212.144,7.315,54.733,2/19/2020
2020,King City DWS,3,March    ,King City Well No. 3&4 (Calc),530.953,17.128,208.37,3/30/2020
2020,King City DWS,4,April    ,King City Well No. 3&4 (Calc),425.898,14.197,139.664,4/8/2020
2020,King City DWS,5,May      ,King City Well No. 3&4 (Calc),253.53,8.178,81.163,5/6/2020
2020,King City DWS,6,June     ,King City Well No. 3&4 (Calc),353.742,11.791,101.515,6/10/2020
2020,King City DWS,7,July     ,King City Well No. 3&4 (Calc),316.658,10.215,86.086,7/29/2020
2020,King City DWS,8,August   ,King City Well No. 3&4 (Calc),278.798,8.993,89.879,8/5/2020
2020,King City DWS,9,September,King City Well No. 3&4 (Calc),220.075,7.336,46.89,9/16/2020
2020,King City DWS,10,October  ,King City Well No. 3&4 (Calc),155.797,5.026,57.664,10/28/2020
2020,King City DWS,11,November ,King City Well No. 3&4 (Calc),206.49,6.883,73.79,11/11/2020
2020,King City DWS,12,December ,King City Well No. 3&4 (Calc),273.451,8.821,111.073,12/2/2020
2020,King City DWS,1,January  ,King City Well No. 4,15.463,0.499,6.693,1/22/2020
2020,King City DWS,2,February ,King City Well No. 4,17.704,0.61,4.763,2/19/2020
2020,King City DWS,3,March    ,King City Well No. 4,251.836,8.124,208.37,3/30/2020
2020,King City DWS,4,April    ,King City Well No. 4,203.687,6.79,63.425,4/8/2020
2020,King City DWS,5,May      ,King City Well No. 4,115.431,3.724,35.973,5/6/2020
2020,King City DWS,6,June     ,King City Well No. 4,192.436,6.415,54.374,6/10/2020
2020,King City DWS,7,July     ,King City Well No. 4,143.318,4.623,42.714,7/29/2020
2020,King City DWS,8,August   ,King City Well No. 4,122.439,3.95,46.314,8/19/2020
2020,King City DWS,9,September,King City Well No. 4,0,0,0,9/1/2020
2020,King City DWS,10,October  ,King City Well No. 4,64.234,2.072,31.566,10/28/2020
2020,King City DWS,11,November ,King City Well No. 4,100.787,3.36,36.922,11/11/2020
2020,King City DWS,12,December ,King City Well No. 4,134.992,4.355,53.155,12/2/2020
2020,Kleinburg DWS,1,January  ,Kleinburg Well No. 3,192.58,6.212,56.14,1/29/2020
2020,Kleinburg DWS,2,February ,Kleinburg Well No. 3,213.21,7.352,63.83,2/12/2020
2020,Kleinburg DWS,3,March    ,Kleinburg Well No. 3,222.43,7.175,67.46,3/25/2020
2020,Kleinburg DWS,4,April    ,Kleinburg Well No. 3,447.86,14.929,106.65,4/22/2020
2020,Kleinburg DWS,5,May      ,Kleinburg Well No. 3,380.28,12.267,113.02,5/13/2020
2020,Kleinburg DWS,6,June     ,Kleinburg Well No. 3,234.07,7.802,74.52,6/10/2020
2020,Kleinburg DWS,7,July     ,Kleinburg Well No. 3,411.38,13.27,92.55,7/3/2020
2020,Kleinburg DWS,8,August   ,Kleinburg Well No. 3,243.6,7.858,64.85,8/12/2020
2020,Kleinburg DWS,9,September,Kleinburg Well No. 3,243.4,8.113,85.61,9/2/2020
2020,Kleinburg DWS,10,October  ,Kleinburg Well No. 3,219.07,7.067,58.76,10/14/2020
2020,Kleinburg DWS,11,November ,Kleinburg Well No. 3,178.9,5.963,44.68,11/11/2020
2020,Kleinburg DWS,12,December ,Kleinburg Well No. 3,351.82,11.349,103.97,12/3/2020
2020,Kleinburg DWS,1,January  ,Kleinburg Well No. 3&4 (Calc),494.17,15.941,158.94,1/29/2020
2020,Kleinburg DWS,2,February ,Kleinburg Well No. 3&4 (Calc),563.04,19.415,161.88,2/12/2020
2020,Kleinburg DWS,3,March    ,Kleinburg Well No. 3&4 (Calc),584.6,18.858,184.12,3/25/2020
2020,Kleinburg DWS,4,April    ,Kleinburg Well No. 3&4 (Calc),1085.13,36.171,255.63,4/22/2020
2020,Kleinburg DWS,5,May      ,Kleinburg Well No. 3&4 (Calc),978.49,31.564,258.42,5/13/2020
2020,Kleinburg DWS,6,June     ,Kleinburg Well No. 3&4 (Calc),507.28,16.909,178.45,6/10/2020
2020,Kleinburg DWS,7,July     ,Kleinburg Well No. 3&4 (Calc),820.96,26.483,179.71,7/3/2020
2020,Kleinburg DWS,8,August   ,Kleinburg Well No. 3&4 (Calc),478.71,15.442,127.14,8/12/2020
2020,Kleinburg DWS,9,September,Kleinburg Well No. 3&4 (Calc),486.87,16.229,169.19,9/2/2020
2020,Kleinburg DWS,10,October  ,Kleinburg Well No. 3&4 (Calc),652.26,21.041,145.47,10/21/2020
2020,Kleinburg DWS,11,November ,Kleinburg Well No. 3&4 (Calc),537.51,17.917,155.43,11/18/2020
2020,Kleinburg DWS,12,December ,Kleinburg Well No. 3&4 (Calc),677.2,21.845,160.63,12/2/2020
2020,Kleinburg DWS,1,January  ,Kleinburg Well No. 4,301.59,9.729,102.8,1/29/2020
2020,Kleinburg DWS,2,February ,Kleinburg Well No. 4,349.83,12.063,98.05,2/12/2020
2020,Kleinburg DWS,3,March    ,Kleinburg Well No. 4,362.17,11.683,116.66,3/25/2020
2020,Kleinburg DWS,4,April    ,Kleinburg Well No. 4,637.27,21.242,148.98,4/22/2020
2020,Kleinburg DWS,5,May      ,Kleinburg Well No. 4,598.21,19.297,156.93,5/6/2020
2020,Kleinburg DWS,6,June     ,Kleinburg Well No. 4,273.21,9.107,103.93,6/10/2020
2020,Kleinburg DWS,7,July     ,Kleinburg Well No. 4,409.58,13.212,87.16,7/3/2020
2020,Kleinburg DWS,8,August   ,Kleinburg Well No. 4,235.11,7.584,62.29,8/12/2020
2020,Kleinburg DWS,9,September,Kleinburg Well No. 4,243.47,8.116,83.58,9/2/2020
2020,Kleinburg DWS,10,October  ,Kleinburg Well No. 4,433.19,13.974,96.01,10/21/2020
2020,Kleinburg DWS,11,November ,Kleinburg Well No. 4,358.61,11.954,110.9,11/18/2020
2020,Kleinburg DWS,12,December ,Kleinburg Well No. 4,325.38,10.496,92.07,12/2/2020
2020,Mount Albert DWS,1,January  ,Mount Albert DWS Total (Calc),32572.28,1050.719,1480.045,1/27/2020
2020,Mount Albert DWS,2,February ,Mount Albert DWS Total (Calc),33780.025,1164.828,1966.795,2/3/2020
2020,Mount Albert DWS,3,March    ,Mount Albert DWS Total (Calc),34933.13,1126.875,1487.105,3/26/2020
2020,Mount Albert DWS,4,April    ,Mount Albert DWS Total (Calc),34779.57,1159.319,1708.515,4/15/2020
2020,Mount Albert DWS,5,May      ,Mount Albert DWS Total (Calc),42575.82,1373.414,2423.55,5/23/2020
2020,Mount Albert DWS,6,June     ,Mount Albert DWS Total (Calc),45291.325,1509.711,2330.55,6/10/2020
2020,Mount Albert DWS,7,July     ,Mount Albert DWS Total (Calc),53948.75,1740.282,2907.125,7/7/2020
2020,Mount Albert DWS,8,August   ,Mount Albert DWS Total (Calc),42136.875,1359.254,2426.3,8/15/2020
2020,Mount Albert DWS,9,September,Mount Albert DWS Total (Calc),37260.555,1242.019,2192.5,9/24/2020
2020,Mount Albert DWS,10,October  ,Mount Albert DWS Total (Calc),37516.3,1210.203,2246.5,10/30/2020
2020,Mount Albert DWS,11,November ,Mount Albert DWS Total (Calc),38471.4,1282.38,3504.725,11/12/2020
2020,Mount Albert DWS,12,December ,Mount Albert DWS Total (Calc),39892.325,1286.849,1947.925,12/13/2020
2020,Mount Albert DWS,1,January  ,Mount Albert Well No. 1,67.3,2.171,27,1/8/2020
2020,Mount Albert DWS,2,February ,Mount Albert Well No. 1,60.8,2.097,19.9,2/26/2020
2020,Mount Albert DWS,3,March    ,Mount Albert Well No. 1,181.3,5.848,51,3/11/2020
2020,Mount Albert DWS,4,April    ,Mount Albert Well No. 1,331.5,11.05,89.6,4/29/2020
2020,Mount Albert DWS,5,May      ,Mount Albert Well No. 1,91.4,2.948,32,5/13/2020
2020,Mount Albert DWS,6,June     ,Mount Albert Well No. 1,134.4,4.48,30.4,6/10/2020
2020,Mount Albert DWS,7,July     ,Mount Albert Well No. 1,340.3,10.977,99.3,7/29/2020
2020,Mount Albert DWS,8,August   ,Mount Albert Well No. 1,371,11.968,135.9,8/19/2020
2020,Mount Albert DWS,9,September,Mount Albert Well No. 1,184.1,6.137,66.3,9/30/2020
2020,Mount Albert DWS,10,October  ,Mount Albert Well No. 1,94.8,3.058,38.2,10/7/2020
2020,Mount Albert DWS,11,November ,Mount Albert Well No. 1,1022.5,34.083,394.3,11/13/2020
2020,Mount Albert DWS,12,December ,Mount Albert Well No. 1,118.3,3.816,31,12/16/2020
2020,Mount Albert DWS,1,January  ,Mount Albert Well No. 2,14237.48,459.274,845.12,1/10/2020
2020,Mount Albert DWS,2,February ,Mount Albert Well No. 2,15024.1,518.072,788.6,2/19/2020
2020,Mount Albert DWS,3,March    ,Mount Albert Well No. 2,16197.33,522.495,705.57,3/19/2020
2020,Mount Albert DWS,4,April    ,Mount Albert Well No. 2,16613.32,553.777,1014.29,4/28/2020
2020,Mount Albert DWS,5,May      ,Mount Albert Well No. 2,19213.42,619.788,1126.8,5/23/2020
2020,Mount Albert DWS,6,June     ,Mount Albert Well No. 2,23597.8,786.593,1693.4,6/10/2020
2020,Mount Albert DWS,7,July     ,Mount Albert Well No. 2,25510.7,822.926,1640,7/26/2020
2020,Mount Albert DWS,8,August   ,Mount Albert Well No. 2,19167,618.29,1127.8,8/15/2020
2020,Mount Albert DWS,9,September,Mount Albert Well No. 2,17851.7,595.057,1298.5,9/24/2020
2020,Mount Albert DWS,10,October  ,Mount Albert Well No. 2,19390.5,625.5,1529.4,10/12/2020
2020,Mount Albert DWS,11,November ,Mount Albert Well No. 2,21678.9,722.63,2158.6,11/12/2020
2020,Mount Albert DWS,12,December ,Mount Albert Well No. 2,20272.4,653.948,1199.3,12/17/2020
2020,Mount Albert DWS,1,January  ,Mount Albert Well No. 3,18267.5,589.274,1111.625,1/28/2020
2020,Mount Albert DWS,2,February ,Mount Albert Well No. 3,18695.125,644.659,1327.875,2/3/2020
2020,Mount Albert DWS,3,March    ,Mount Albert Well No. 3,18554.5,598.532,862.125,3/26/2020
2020,Mount Albert DWS,4,April    ,Mount Albert Well No. 3,17834.75,594.492,892.75,4/9/2020
2020,Mount Albert DWS,5,May      ,Mount Albert Well No. 3,23271,750.677,1296.75,5/23/2020
2020,Mount Albert DWS,6,June     ,Mount Albert Well No. 3,21559.125,718.638,1115.125,6/22/2020
2020,Mount Albert DWS,7,July     ,Mount Albert Well No. 3,28097.75,906.379,1635.375,7/20/2020
2020,Mount Albert DWS,8,August   ,Mount Albert Well No. 3,22598.875,728.996,1298.5,8/15/2020
2020,Mount Albert DWS,9,September,Mount Albert Well No. 3,19224.755,640.825,1000.5,9/18/2020
2020,Mount Albert DWS,10,October  ,Mount Albert Well No. 3,18031,581.645,1102.625,10/10/2020
2020,Mount Albert DWS,11,November ,Mount Albert Well No. 3,15770,525.667,1341.125,11/12/2020
2020,Mount Albert DWS,12,December ,Mount Albert Well No. 3,19501.625,629.085,1024.125,12/13/2020
2020,Newmarket DWS,1,January  ,Newmarket DWS Total (Calc),159986.8,5160.865,6344.2,1/28/2020
2020,Newmarket DWS,2,February ,Newmarket DWS Total (Calc),123920.8,4273.131,5896.9,2/24/2020
2020,Newmarket DWS,3,March    ,Newmarket DWS Total (Calc),137590.7,4438.41,5055.7,3/30/2020
2020,Newmarket DWS,4,April    ,Newmarket DWS Total (Calc),143260.8,4775.36,5615.5,4/21/2020
2020,Newmarket DWS,5,May      ,Newmarket DWS Total (Calc),154939.8,4998.058,9623.8,5/25/2020
2020,Newmarket DWS,6,June     ,Newmarket DWS Total (Calc),163840.9,5461.363,7908.7,6/16/2020
2020,Newmarket DWS,7,July     ,Newmarket DWS Total (Calc),181031.2,5839.716,8195.9,7/7/2020
2020,Newmarket DWS,8,August   ,Newmarket DWS Total (Calc),163021.2,5258.748,7168,8/21/2020
2020,Newmarket DWS,9,September,Newmarket DWS Total (Calc),128298.3,4276.61,5388.1,9/24/2020
2020,Newmarket DWS,10,October  ,Newmarket DWS Total (Calc),124630.8,4020.348,5685.1,10/22/2020
2020,Newmarket DWS,11,November ,Newmarket DWS Total (Calc),132953.2,4431.773,6458.4,11/4/2020
2020,Newmarket DWS,12,December ,Newmarket DWS Total (Calc),133529.2,4307.394,6168.9,12/8/2020
2020,Newmarket DWS,1,January  ,Newmarket Well No. 1,29299,945.129,1151.2,1/28/2020
2020,Newmarket DWS,2,February ,Newmarket Well No. 1,52413.8,1807.372,2010.5,2/18/2020
2020,Newmarket DWS,3,March    ,Newmarket Well No. 1,51646.1,1666.003,1912,3/19/2020
2020,Newmarket DWS,4,April    ,Newmarket Well No. 1,25079.9,835.997,998.9,4/21/2020
2020,Newmarket DWS,5,May      ,Newmarket Well No. 1,29165.8,940.832,2183.8,5/31/2020
2020,Newmarket DWS,6,June     ,Newmarket Well No. 1,26997.7,899.923,1372.1,6/1/2020
2020,Newmarket DWS,7,July     ,Newmarket Well No. 1,23214.5,748.855,1123.8,7/8/2020
2020,Newmarket DWS,8,August   ,Newmarket Well No. 1,24322.2,784.587,1057.6,8/21/2020
2020,Newmarket DWS,9,September,Newmarket Well No. 1,21003.1,700.103,943.1,9/24/2020
2020,Newmarket DWS,10,October  ,Newmarket Well No. 1,24334.6,784.987,1035.8,10/9/2020
2020,Newmarket DWS,11,November ,Newmarket Well No. 1,20458.4,681.947,988.8,11/20/2020
2020,Newmarket DWS,12,December ,Newmarket Well No. 1,23456.9,756.674,1172.1,12/8/2020
2020,Newmarket DWS,1,January  ,Newmarket Well No. 13,68779,2218.677,2887,1/28/2020
2020,Newmarket DWS,2,February ,Newmarket Well No. 13,64748,2232.69,4042,2/24/2020
2020,Newmarket DWS,3,March    ,Newmarket Well No. 13,74152,2392,3149,3/10/2020
2020,Newmarket DWS,4,April    ,Newmarket Well No. 13,31521,1050.7,2388,4/12/2020
2020,Newmarket DWS,5,May      ,Newmarket Well No. 13,53776,1734.71,4281,5/25/2020
2020,Newmarket DWS,6,June     ,Newmarket Well No. 13,74514,2483.8,3690,6/16/2020
2020,Newmarket DWS,7,July     ,Newmarket Well No. 13,90747,2927.323,3956,7/7/2020
2020,Newmarket DWS,8,August   ,Newmarket Well No. 13,74837,2414.097,3342,8/21/2020
2020,Newmarket DWS,9,September,Newmarket Well No. 13,29754,991.8,2426,9/1/2020
2020,Newmarket DWS,10,October  ,Newmarket Well No. 13,31759,1024.484,2614,10/22/2020
2020,Newmarket DWS,11,November ,Newmarket Well No. 13,28232,941.067,2709,11/16/2020
2020,Newmarket DWS,12,December ,Newmarket Well No. 13,22960,740.645,2431,12/31/2020
2020,Newmarket DWS,1,January  ,Newmarket Well No. 15,0,0,0,1/1/2020
2020,Newmarket DWS,2,February ,Newmarket Well No. 15,0,0,0,2/1/2020
2020,Newmarket DWS,3,March    ,Newmarket Well No. 15,0,0,0,3/1/2020
2020,Newmarket DWS,4,April    ,Newmarket Well No. 15,0,0,0,4/1/2020
2020,Newmarket DWS,5,May      ,Newmarket Well No. 15,0,0,0,5/1/2020
2020,Newmarket DWS,6,June     ,Newmarket Well No. 15,0,0,0,6/1/2020
2020,Newmarket DWS,7,July     ,Newmarket Well No. 15,0,0,0,7/1/2020
2020,Newmarket DWS,8,August   ,Newmarket Well No. 15,0,0,0,8/1/2020
2020,Newmarket DWS,9,September,Newmarket Well No. 15,0,0,0,9/1/2020
2020,Newmarket DWS,10,October  ,Newmarket Well No. 15,0,0,0,10/1/2020
2020,Newmarket DWS,11,November ,Newmarket Well No. 15,0,0,0,11/1/2020
2020,Newmarket DWS,12,December ,Newmarket Well No. 15,0,0,0,12/1/2020
2020,Newmarket DWS,1,January  ,Newmarket Well No. 16,3376.8,108.929,1974.9,1/31/2020
2020,Newmarket DWS,2,February ,Newmarket Well No. 16,2630.2,90.697,1167.8,2/1/2020
2020,Newmarket DWS,3,March    ,Newmarket Well No. 16,1341.9,43.287,1067.2,3/4/2020
2020,Newmarket DWS,4,April    ,Newmarket Well No. 16,32494,1083.133,2505.6,4/21/2020
2020,Newmarket DWS,5,May      ,Newmarket Well No. 16,7822.1,252.326,2446.3,5/1/2020
2020,Newmarket DWS,6,June     ,Newmarket Well No. 16,659,21.967,294.2,6/29/2020
2020,Newmarket DWS,7,July     ,Newmarket Well No. 16,376.7,12.152,127.2,7/15/2020
2020,Newmarket DWS,8,August   ,Newmarket Well No. 16,273.6,8.826,83,8/5/2020
2020,Newmarket DWS,9,September,Newmarket Well No. 16,27423.2,914.107,2584.1,9/21/2020
2020,Newmarket DWS,10,October  ,Newmarket Well No. 16,16673.2,537.845,2122.2,10/31/2020
2020,Newmarket DWS,11,November ,Newmarket Well No. 16,33740.8,1124.693,3347.2,11/4/2020
2020,Newmarket DWS,12,December ,Newmarket Well No. 16,36964.3,1192.397,2600.3,12/19/2020
2020,Newmarket DWS,1,January  ,Newmarket Well No. 2,58532,1888.129,2306,1/28/2020
2020,Newmarket DWS,2,February ,Newmarket Well No. 2,4128.8,142.372,1898.3,2/1/2020
2020,Newmarket DWS,3,March    ,Newmarket Well No. 2,10450.7,337.119,2025.2,3/30/2020
2020,Newmarket DWS,4,April    ,Newmarket Well No. 2,54165.9,1805.53,2111,4/21/2020
2020,Newmarket DWS,5,May      ,Newmarket Well No. 2,64175.9,2070.19,3644.2,5/25/2020
2020,Newmarket DWS,6,June     ,Newmarket Well No. 2,61670.2,2055.673,3027,6/16/2020
2020,Newmarket DWS,7,July     ,Newmarket Well No. 2,66693,2151.387,3212.3,7/8/2020
2020,Newmarket DWS,8,August   ,Newmarket Well No. 2,63588.4,2051.239,2768.4,8/21/2020
2020,Newmarket DWS,9,September,Newmarket Well No. 2,50118,1670.6,2203,9/24/2020
2020,Newmarket DWS,10,October  ,Newmarket Well No. 2,51864,1673.032,2110,10/22/2020
2020,Newmarket DWS,11,November ,Newmarket Well No. 2,50522,1684.067,2522,11/16/2020
2020,Newmarket DWS,12,December ,Newmarket Well No. 2,50148,1617.677,2501,12/8/2020
2020,Nobleton DWS,1,January  ,Nobleton DWS Total (Calc),44998.375,1451.56,2013.25,1/25/2020
2020,Nobleton DWS,2,February ,Nobleton DWS Total (Calc),43499.875,1499.996,2443.625,2/7/2020
2020,Nobleton DWS,3,March    ,Nobleton DWS Total (Calc),47159.777,1521.283,2347.75,3/19/2020
2020,Nobleton DWS,4,April    ,Nobleton DWS Total (Calc),48518.579,1617.286,2468.237,4/27/2020
2020,Nobleton DWS,5,May      ,Nobleton DWS Total (Calc),66188.956,2135.128,3522.502,5/25/2020
2020,Nobleton DWS,6,June     ,Nobleton DWS Total (Calc),86915.773,2897.192,4215,6/19/2020
2020,Nobleton DWS,7,July     ,Nobleton DWS Total (Calc),100547.695,3243.474,4471.848,7/4/2020
2020,Nobleton DWS,8,August   ,Nobleton DWS Total (Calc),81834.656,2639.828,4229.383,8/14/2020
2020,Nobleton DWS,9,September,Nobleton DWS Total (Calc),61363.68,2045.456,2623.578,9/24/2020
2020,Nobleton DWS,10,October  ,Nobleton DWS Total (Calc),54449.563,1756.438,4233.984,10/24/2020
2020,Nobleton DWS,11,November ,Nobleton DWS Total (Calc),46849.859,1561.662,2574.781,11/7/2020
2020,Nobleton DWS,12,December ,Nobleton DWS Total (Calc),53565.063,1727.905,3995.078,12/26/2020
2020,Nobleton DWS,1,January  ,Nobleton Well No. 2,15491.375,499.722,884.25,1/25/2020
2020,Nobleton DWS,2,February ,Nobleton Well No. 2,13737.875,473.72,926.75,2/25/2020
2020,Nobleton DWS,3,March    ,Nobleton Well No. 2,12536.777,404.412,817.375,3/7/2020
2020,Nobleton DWS,4,April    ,Nobleton Well No. 2,14162.579,472.086,761.874,4/25/2020
2020,Nobleton DWS,5,May      ,Nobleton Well No. 2,23018.956,742.547,1421.502,5/25/2020
2020,Nobleton DWS,6,June     ,Nobleton Well No. 2,18572.773,619.092,1518.164,6/15/2020
2020,Nobleton DWS,7,July     ,Nobleton Well No. 2,24067.695,776.377,1179.281,7/15/2020
2020,Nobleton DWS,8,August   ,Nobleton Well No. 2,20232.656,652.666,1012.383,8/14/2020
2020,Nobleton DWS,9,September,Nobleton Well No. 2,17151.68,571.723,1035.172,9/27/2020
2020,Nobleton DWS,10,October  ,Nobleton Well No. 2,19006.563,613.115,1540.984,10/24/2020
2020,Nobleton DWS,11,November ,Nobleton Well No. 2,13912.859,463.762,1074.406,11/26/2020
2020,Nobleton DWS,12,December ,Nobleton Well No. 2,15246.063,491.808,1123.078,12/26/2020
2020,Nobleton DWS,1,January  ,Nobleton Well No. 3,17400,561.29,1129,1/25/2020
2020,Nobleton DWS,2,February ,Nobleton Well No. 3,11258,388.207,1145,2/1/2020
2020,Nobleton DWS,3,March    ,Nobleton Well No. 3,17432,562.323,1160,3/11/2020
2020,Nobleton DWS,4,April    ,Nobleton Well No. 3,13462,448.733,1016,4/2/2020
2020,Nobleton DWS,5,May      ,Nobleton Well No. 3,14797,477.323,1190,5/12/2020
2020,Nobleton DWS,6,June     ,Nobleton Well No. 3,31667,1055.567,2076,6/19/2020
2020,Nobleton DWS,7,July     ,Nobleton Well No. 3,37486,1209.226,1767,7/7/2020
2020,Nobleton DWS,8,August   ,Nobleton Well No. 3,30671,989.387,1608,8/14/2020
2020,Nobleton DWS,9,September,Nobleton Well No. 3,21222,707.4,1546,9/27/2020
2020,Nobleton DWS,10,October  ,Nobleton Well No. 3,20584,664,2081,10/24/2020
2020,Nobleton DWS,11,November ,Nobleton Well No. 3,12822,427.4,1378,11/26/2020
2020,Nobleton DWS,12,December ,Nobleton Well No. 3,14918,481.226,1213,12/17/2020
2020,Nobleton DWS,1,January  ,Nobleton Well No. 5,12107,390.548,976,1/11/2020
2020,Nobleton DWS,2,February ,Nobleton Well No. 5,18504,638.069,2416,2/6/2020
2020,Nobleton DWS,3,March    ,Nobleton Well No. 5,17191,554.548,2244,3/18/2020
2020,Nobleton DWS,4,April    ,Nobleton Well No. 5,20894,696.467,1334,4/27/2020
2020,Nobleton DWS,5,May      ,Nobleton Well No. 5,28373,915.258,2101,5/25/2020
2020,Nobleton DWS,6,June     ,Nobleton Well No. 5,36676,1222.533,2139,6/19/2020
2020,Nobleton DWS,7,July     ,Nobleton Well No. 5,38994,1257.871,1809,7/15/2020
2020,Nobleton DWS,8,August   ,Nobleton Well No. 5,30931,997.774,1609,8/14/2020
2020,Nobleton DWS,9,September,Nobleton Well No. 5,22990,766.333,1317,9/18/2020
2020,Nobleton DWS,10,October  ,Nobleton Well No. 5,14859,479.323,1555,10/26/2020
2020,Nobleton DWS,11,November ,Nobleton Well No. 5,20115,670.5,1511,11/7/2020
2020,Nobleton DWS,12,December ,Nobleton Well No. 5,23401,754.871,1672,12/26/2020
2020,Schomberg DWS,1,January  ,Schomberg DWS Total (Calc),55882.8,1802.671,1964.6,1/24/2020
2020,Schomberg DWS,2,February ,Schomberg DWS Total (Calc),53307.9,1838.203,2274.7,2/13/2020
2020,Schomberg DWS,3,March    ,Schomberg DWS Total (Calc),53846.1,1736.971,2417.8,3/26/2020
2020,Schomberg DWS,4,April    ,Schomberg DWS Total (Calc),51625,1720.833,2206,4/25/2020
2020,Schomberg DWS,5,May      ,Schomberg DWS Total (Calc),58854.1,1898.519,2600.9,5/25/2020
2020,Schomberg DWS,6,June     ,Schomberg DWS Total (Calc),60793.6,2026.453,2568.2,6/18/2020
2020,Schomberg DWS,7,July     ,Schomberg DWS Total (Calc),66386.7,2141.506,2587.4,7/8/2020
2020,Schomberg DWS,8,August   ,Schomberg DWS Total (Calc),63013.5,2032.694,2535.8,8/7/2020
2020,Schomberg DWS,9,September,Schomberg DWS Total (Calc),60882.1,2029.403,2715.4,9/23/2020
2020,Schomberg DWS,10,October  ,Schomberg DWS Total (Calc),68590.3,2212.59,2774.6,10/10/2020
2020,Schomberg DWS,11,November ,Schomberg DWS Total (Calc),60124.1,2004.137,2651.9,11/19/2020
2020,Schomberg DWS,12,December ,Schomberg DWS Total (Calc),58851.3,1898.429,2255.3,12/8/2020
2020,Schomberg DWS,1,January  ,Schomberg Well No. 2,18616.8,600.542,661.8,1/29/2020
2020,Schomberg DWS,2,February ,Schomberg Well No. 2,19091.9,658.341,983,2/14/2020
2020,Schomberg DWS,3,March    ,Schomberg Well No. 2,13528.1,436.39,795.8,3/26/2020
2020,Schomberg DWS,4,April    ,Schomberg Well No. 2,0,0,0,4/1/2020
2020,Schomberg DWS,5,May      ,Schomberg Well No. 2,15794.1,509.487,874.9,5/25/2020
2020,Schomberg DWS,6,June     ,Schomberg Well No. 2,20109.6,670.32,847.2,6/18/2020
2020,Schomberg DWS,7,July     ,Schomberg Well No. 2,22707.7,732.506,961.4,7/30/2020
2020,Schomberg DWS,8,August   ,Schomberg Well No. 2,21007.5,677.661,852.8,8/7/2020
2020,Schomberg DWS,9,September,Schomberg Well No. 2,20356.1,678.537,899.4,9/23/2020
2020,Schomberg DWS,10,October  ,Schomberg Well No. 2,22893.3,738.494,929.6,10/10/2020
2020,Schomberg DWS,11,November ,Schomberg Well No. 2,19642.1,654.737,809.9,11/19/2020
2020,Schomberg DWS,12,December ,Schomberg Well No. 2,19809.3,639.01,819.9,12/6/2020
2020,Schomberg DWS,1,January  ,Schomberg Well No. 3,18631,601,653,1/24/2020
2020,Schomberg DWS,2,February ,Schomberg Well No. 3,25025,862.931,1190,2/22/2020
2020,Schomberg DWS,3,March    ,Schomberg Well No. 3,20557,663.129,1134,3/2/2020
2020,Schomberg DWS,4,April    ,Schomberg Well No. 3,28535,951.167,1280,4/25/2020
2020,Schomberg DWS,5,May      ,Schomberg Well No. 3,22407,722.806,1202,5/3/2020
2020,Schomberg DWS,6,June     ,Schomberg Well No. 3,20313,677.1,841,6/18/2020
2020,Schomberg DWS,7,July     ,Schomberg Well No. 3,22173,715.258,879,7/8/2020
2020,Schomberg DWS,8,August   ,Schomberg Well No. 3,20952,675.871,851,8/24/2020
2020,Schomberg DWS,9,September,Schomberg Well No. 3,20197,673.233,910,9/23/2020
2020,Schomberg DWS,10,October  ,Schomberg Well No. 3,22715,732.742,924,10/19/2020
2020,Schomberg DWS,11,November ,Schomberg Well No. 3,19970,665.667,1058,11/20/2020
2020,Schomberg DWS,12,December ,Schomberg Well No. 3,19247,620.871,795,12/8/2020
2020,Schomberg DWS,1,January  ,Schomberg Well No. 4,18635,601.129,665,1/29/2020
2020,Schomberg DWS,2,February ,Schomberg Well No. 4,9191,316.931,958,2/27/2020
2020,Schomberg DWS,3,March    ,Schomberg Well No. 4,19761,637.452,991,3/4/2020
2020,Schomberg DWS,4,April    ,Schomberg Well No. 4,23090,769.667,961,4/16/2020
2020,Schomberg DWS,5,May      ,Schomberg Well No. 4,20653,666.226,879,5/25/2020
2020,Schomberg DWS,6,June     ,Schomberg Well No. 4,20371,679.033,880,6/18/2020
2020,Schomberg DWS,7,July     ,Schomberg Well No. 4,21506,693.742,859,7/24/2020
2020,Schomberg DWS,8,August   ,Schomberg Well No. 4,21054,679.161,855,8/7/2020
2020,Schomberg DWS,9,September,Schomberg Well No. 4,20329,677.633,924,9/18/2020
2020,Schomberg DWS,10,October  ,Schomberg Well No. 4,22982,741.355,931,10/10/2020
2020,Schomberg DWS,11,November ,Schomberg Well No. 4,20512,683.733,1030,11/20/2020
2020,Schomberg DWS,12,December ,Schomberg Well No. 4,19795,638.548,801,12/8/2020
2020,Sharon/Queensville DWS,1,January  ,Queensville DWS Total (Calc),137076,4421.806,5596,1/14/2020
2020,Sharon/Queensville DWS,2,February ,Queensville DWS Total (Calc),122288.7,4216.852,5030,2/19/2020
2020,Sharon/Queensville DWS,3,March    ,Queensville DWS Total (Calc),140479.6,4531.6,6431.1,3/18/2020
2020,Sharon/Queensville DWS,4,April    ,Queensville DWS Total (Calc),112021.9,3734.063,6507.1,4/8/2020
2020,Sharon/Queensville DWS,5,May      ,Queensville DWS Total (Calc),118074.7,3808.861,6817.5,5/26/2020
2020,Sharon/Queensville DWS,6,June     ,Queensville DWS Total (Calc),158255.5,5275.183,9211.5,6/16/2020
2020,Sharon/Queensville DWS,7,July     ,Queensville DWS Total (Calc),213693.5,6893.339,10387.8,7/7/2020
2020,Sharon/Queensville DWS,8,August   ,Queensville DWS Total (Calc),176892,5706.194,8967,8/10/2020
2020,Sharon/Queensville DWS,9,September,Queensville DWS Total (Calc),164358,5478.6,7637,9/21/2020
2020,Sharon/Queensville DWS,10,October  ,Queensville DWS Total (Calc),136490,4402.903,7240,10/15/2020
2020,Sharon/Queensville DWS,11,November ,Queensville DWS Total (Calc),123489,4116.3,6493,11/19/2020
2020,Sharon/Queensville DWS,12,December ,Queensville DWS Total (Calc),121754,3927.548,6131,12/7/2020
2020,Sharon/Queensville DWS,1,January  ,Queensville Well No. 1,21907,706.677,2849,1/22/2020
2020,Sharon/Queensville DWS,2,February ,Queensville Well No. 1,15717,541.966,2742,2/17/2020
2020,Sharon/Queensville DWS,3,March    ,Queensville Well No. 1,27228,878.323,3116,3/31/2020
2020,Sharon/Queensville DWS,4,April    ,Queensville Well No. 1,28325,944.167,2810,4/13/2020
2020,Sharon/Queensville DWS,5,May      ,Queensville Well No. 1,39666,1279.548,3296,5/11/2020
2020,Sharon/Queensville DWS,6,June     ,Queensville Well No. 1,72454,2415.133,4798,6/30/2020
2020,Sharon/Queensville DWS,7,July     ,Queensville Well No. 1,49884,1609.161,6047,7/1/2020
2020,Sharon/Queensville DWS,8,August   ,Queensville Well No. 1,31328,1010.581,3723,8/1/2020
2020,Sharon/Queensville DWS,9,September,Queensville Well No. 1,45865,1528.833,3609,9/15/2020
2020,Sharon/Queensville DWS,10,October  ,Queensville Well No. 1,37444,1207.871,3939,10/17/2020
2020,Sharon/Queensville DWS,11,November ,Queensville Well No. 1,15176,505.867,2850,11/10/2020
2020,Sharon/Queensville DWS,12,December ,Queensville Well No. 1,20088,648,2812,12/23/2020
2020,Sharon/Queensville DWS,1,January  ,Queensville Well No. 2,39004,1258.194,2823,1/14/2020
2020,Sharon/Queensville DWS,2,February ,Queensville Well No. 2,30538,1053.034,2208,2/25/2020
2020,Sharon/Queensville DWS,3,March    ,Queensville Well No. 2,32114,1035.935,2792,3/18/2020
2020,Sharon/Queensville DWS,4,April    ,Queensville Well No. 2,39507,1316.9,3065,4/30/2020
2020,Sharon/Queensville DWS,5,May      ,Queensville Well No. 2,34797,1122.484,3813,5/28/2020
2020,Sharon/Queensville DWS,6,June     ,Queensville Well No. 2,25478,849.267,4507,6/27/2020
2020,Sharon/Queensville DWS,7,July     ,Queensville Well No. 2,62951,2030.677,5693,7/9/2020
2020,Sharon/Queensville DWS,8,August   ,Queensville Well No. 2,58509,1887.387,4367,8/15/2020
2020,Sharon/Queensville DWS,9,September,Queensville Well No. 2,37526,1250.867,3807,9/21/2020
2020,Sharon/Queensville DWS,10,October  ,Queensville Well No. 2,41777,1347.645,5495,10/26/2020
2020,Sharon/Queensville DWS,11,November ,Queensville Well No. 2,48826,1627.533,3267,11/19/2020
2020,Sharon/Queensville DWS,12,December ,Queensville Well No. 2,41973,1353.968,3082,12/7/2020
2020,Sharon/Queensville DWS,1,January  ,Queensville Well No. 3,52703,1700.097,3834.8,1/27/2020
2020,Sharon/Queensville DWS,2,February ,Queensville Well No. 3,31033.7,1070.128,2765.5,2/18/2020
2020,Sharon/Queensville DWS,3,March    ,Queensville Well No. 3,45011.6,1451.987,3424.1,3/12/2020
2020,Sharon/Queensville DWS,4,April    ,Queensville Well No. 3,22309.9,743.663,2456.6,4/3/2020
2020,Sharon/Queensville DWS,5,May      ,Queensville Well No. 3,11849.7,382.248,1759.2,5/5/2020
2020,Sharon/Queensville DWS,6,June     ,Queensville Well No. 3,34407.5,1146.917,4624.5,6/16/2020
2020,Sharon/Queensville DWS,7,July     ,Queensville Well No. 3,74541.5,2404.565,5062.8,7/7/2020
2020,Sharon/Queensville DWS,8,August   ,Queensville Well No. 3,24550,791.935,4615,8/10/2020
2020,Sharon/Queensville DWS,9,September,Queensville Well No. 3,45809,1526.967,3867,9/15/2020
2020,Sharon/Queensville DWS,10,October  ,Queensville Well No. 3,65,2.097,64,10/1/2020
2020,Sharon/Queensville DWS,11,November ,Queensville Well No. 3,0,0,0,11/1/2020
2020,Sharon/Queensville DWS,12,December ,Queensville Well No. 3,21982,709.097,3148,12/23/2020
2020,Sharon/Queensville DWS,1,January  ,Queensville Well No. 4,23462,756.839,2914,1/20/2020
2020,Sharon/Queensville DWS,2,February ,Queensville Well No. 4,45000,1551.724,3410,2/13/2020
2020,Sharon/Queensville DWS,3,March    ,Queensville Well No. 4,36126,1165.355,3616,3/9/2020
2020,Sharon/Queensville DWS,4,April    ,Queensville Well No. 4,21880,729.333,2370,4/12/2020
2020,Sharon/Queensville DWS,5,May      ,Queensville Well No. 4,31762,1024.581,3462,5/26/2020
2020,Sharon/Queensville DWS,6,June     ,Queensville Well No. 4,25916,863.867,3307,6/13/2020
2020,Sharon/Queensville DWS,7,July     ,Queensville Well No. 4,26317,848.935,4238,7/30/2020
2020,Sharon/Queensville DWS,8,August   ,Queensville Well No. 4,62505,2016.29,4405,8/15/2020
2020,Sharon/Queensville DWS,9,September,Queensville Well No. 4,35158,1171.933,3830,9/21/2020
2020,Sharon/Queensville DWS,10,October  ,Queensville Well No. 4,57204,1845.29,3417,10/15/2020
2020,Sharon/Queensville DWS,11,November ,Queensville Well No. 4,59487,1982.9,3226,11/19/2020
2020,Sharon/Queensville DWS,12,December ,Queensville Well No. 4,37711,1216.484,3049,12/7/2020
2020,Stouffville DWS,1,January  ,Stouffville DWS Total (Calc),101277.7,3267.023,5955.9,1/10/2020
2020,Stouffville DWS,2,February ,Stouffville DWS Total (Calc),93210,3214.138,5855.3,2/25/2020
2020,Stouffville DWS,3,March    ,Stouffville DWS Total (Calc),103910.2,3351.942,5430.4,3/28/2020
2020,Stouffville DWS,4,April    ,Stouffville DWS Total (Calc),110269.2,3675.64,5638.013,4/7/2020
2020,Stouffville DWS,5,May      ,Stouffville DWS Total (Calc),132228.3,4265.429,6586.3,5/23/2020
2020,Stouffville DWS,6,June     ,Stouffville DWS Total (Calc),139679.4,4655.98,7313.3,6/8/2020
2020,Stouffville DWS,7,July     ,Stouffville DWS Total (Calc),127480.5,4112.274,7476.2,7/4/2020
2020,Stouffville DWS,8,August   ,Stouffville DWS Total (Calc),94374,3044.323,3997.2,8/13/2020
2020,Stouffville DWS,9,September,Stouffville DWS Total (Calc),89607.35,2986.912,5564.1,9/10/2020
2020,Stouffville DWS,10,October  ,Stouffville DWS Total (Calc),108472.6,3499.116,5282.1,10/12/2020
2020,Stouffville DWS,11,November ,Stouffville DWS Total (Calc),107861.4,3595.38,5097.2,11/23/2020
2020,Stouffville DWS,12,December ,Stouffville DWS Total (Calc),100978.5,3257.371,5094.3,12/10/2020
2020,Stouffville DWS,1,January  ,Stouffville Well No. 1,11018.1,355.423,1230.2,1/4/2020
2020,Stouffville DWS,2,February ,Stouffville Well No. 1,12573.2,433.559,1871,2/15/2020
2020,Stouffville DWS,3,March    ,Stouffville Well No. 1,17046.9,549.9,1479.3,3/7/2020
2020,Stouffville DWS,4,April    ,Stouffville Well No. 1,13592.5,453.083,1423.4,4/12/2020
2020,Stouffville DWS,5,May      ,Stouffville Well No. 1,25814.1,832.713,2398.6,5/22/2020
2020,Stouffville DWS,6,June     ,Stouffville Well No. 1,31125.7,1037.523,2398.4,6/25/2020
2020,Stouffville DWS,7,July     ,Stouffville Well No. 1,23597.7,761.216,2030.9,7/31/2020
2020,Stouffville DWS,8,August   ,Stouffville Well No. 1,21568.9,695.771,1758.8,8/29/2020
2020,Stouffville DWS,9,September,Stouffville Well No. 1,22211.3,740.377,1775.4,9/12/2020
2020,Stouffville DWS,10,October  ,Stouffville Well No. 1,19662.6,634.277,1471.6,10/4/2020
2020,Stouffville DWS,11,November ,Stouffville Well No. 1,13696.7,456.557,1610.5,11/9/2020
2020,Stouffville DWS,12,December ,Stouffville Well No. 1,16219,523.194,1087.4,12/6/2020
2020,Stouffville DWS,1,January  ,Stouffville Well No. 2,10384.8,334.994,1564.7,1/10/2020
2020,Stouffville DWS,2,February ,Stouffville Well No. 2,14312.4,493.531,1683.6,2/9/2020
2020,Stouffville DWS,3,March    ,Stouffville Well No. 2,5888.2,189.942,1015.5,3/10/2020
2020,Stouffville DWS,4,April    ,Stouffville Well No. 2,16338.5,544.617,1571.413,4/7/2020
2020,Stouffville DWS,5,May      ,Stouffville Well No. 2,15578.4,502.529,2397.1,5/19/2020
2020,Stouffville DWS,6,June     ,Stouffville Well No. 2,17050.9,568.363,2395.8,6/23/2020
2020,Stouffville DWS,7,July     ,Stouffville Well No. 2,20642.7,665.894,2395.7,7/17/2020
2020,Stouffville DWS,8,August   ,Stouffville Well No. 2,18902.1,609.745,2149.9,8/22/2020
2020,Stouffville DWS,9,September,Stouffville Well No. 2,16805.9,560.197,1518,9/6/2020
2020,Stouffville DWS,10,October  ,Stouffville Well No. 2,26786,864.065,1745,10/13/2020
2020,Stouffville DWS,11,November ,Stouffville Well No. 2,26625,887.5,1601,11/10/2020
2020,Stouffville DWS,12,December ,Stouffville Well No. 2,14706,474.387,1436,12/13/2020
2020,Stouffville DWS,1,January  ,Stouffville Well No. 3,37660,1214.839,2377.9,1/23/2020
2020,Stouffville DWS,2,February ,Stouffville Well No. 3,36687.5,1265.086,2361.2,2/15/2020
2020,Stouffville DWS,3,March    ,Stouffville Well No. 3,39063.7,1260.119,1920.4,3/7/2020
2020,Stouffville DWS,4,April    ,Stouffville Well No. 3,35873.5,1195.783,2344.8,4/7/2020
2020,Stouffville DWS,5,May      ,Stouffville Well No. 3,39175.8,1263.735,1955,5/4/2020
2020,Stouffville DWS,6,June     ,Stouffville Well No. 3,38071.3,1269.043,2201.8,6/20/2020
2020,Stouffville DWS,7,July     ,Stouffville Well No. 3,15188.1,489.939,2310.1,7/4/2020
2020,Stouffville DWS,8,August   ,Stouffville Well No. 3,0,0,0,8/1/2020
2020,Stouffville DWS,9,September,Stouffville Well No. 3,10003.3,333.443,1558.2,9/29/2020
2020,Stouffville DWS,10,October  ,Stouffville Well No. 3,44208,1426.065,2238,10/25/2020
2020,Stouffville DWS,11,November ,Stouffville Well No. 3,47952.7,1598.423,2288.6,11/16/2020
2020,Stouffville DWS,12,December ,Stouffville Well No. 3,32678.5,1054.145,1958.8,12/19/2020
2020,Stouffville DWS,1,January  ,Stouffville Well No. 5,20594.3,664.332,1916.1,1/23/2020
2020,Stouffville DWS,2,February ,Stouffville Well No. 5,5812.5,200.431,1087.5,2/25/2020
2020,Stouffville DWS,3,March    ,Stouffville Well No. 5,13231.3,426.816,1149.4,3/28/2020
2020,Stouffville DWS,4,April    ,Stouffville Well No. 5,20733,691.1,1383.7,4/26/2020
2020,Stouffville DWS,5,May      ,Stouffville Well No. 5,27115.1,874.681,1292,5/11/2020
2020,Stouffville DWS,6,June     ,Stouffville Well No. 5,28116,937.2,1804,6/8/2020
2020,Stouffville DWS,7,July     ,Stouffville Well No. 5,35831,1155.839,1787,7/17/2020
2020,Stouffville DWS,8,August   ,Stouffville Well No. 5,13516,436,1302,8/13/2020
2020,Stouffville DWS,9,September,Stouffville Well No. 5,7385.85,246.195,3110.4,9/10/2020
2020,Stouffville DWS,10,October  ,Stouffville Well No. 5,0,0,0,10/1/2020
2020,Stouffville DWS,11,November ,Stouffville Well No. 5,0,0,0,11/1/2020
2020,Stouffville DWS,12,December ,Stouffville Well No. 5,12334,397.871,1064,12/10/2020
2020,Stouffville DWS,1,January  ,Stouffville Well No. 6,21620.5,697.435,1733.9,1/16/2020
2020,Stouffville DWS,2,February ,Stouffville Well No. 6,23824.4,821.531,1739.8,2/11/2020
2020,Stouffville DWS,3,March    ,Stouffville Well No. 6,28680.1,925.165,1739.3,3/17/2020
2020,Stouffville DWS,4,April    ,Stouffville Well No. 6,23731.7,791.057,1722.8,4/8/2020
2020,Stouffville DWS,5,May      ,Stouffville Well No. 6,24544.9,791.771,1192.8,5/11/2020
2020,Stouffville DWS,6,June     ,Stouffville Well No. 6,25315.5,843.85,1619.1,6/8/2020
2020,Stouffville DWS,7,July     ,Stouffville Well No. 6,32221,1039.387,1604,7/31/2020
2020,Stouffville DWS,8,August   ,Stouffville Well No. 6,40387,1302.806,1720,8/20/2020
2020,Stouffville DWS,9,September,Stouffville Well No. 6,33201,1106.7,1722,9/20/2020
2020,Stouffville DWS,10,October  ,Stouffville Well No. 6,17816,574.71,1719,10/12/2020
2020,Stouffville DWS,11,November ,Stouffville Well No. 6,19587,652.9,1844,11/1/2020
2020,Stouffville DWS,12,December ,Stouffville Well No. 6,25041,807.774,1722,12/9/2020
2020,York DWS,1,January  ,Peel,2402410,77764.85477,102762.3335,1/23/2020
2020,York DWS,2,February ,Peel,2377960,82027.20609,154286.6215,2/20/2020
2020,York DWS,3,March    ,Peel,2520870,81413.20956,98167.01733,3/1/2020
2020,York DWS,4,April    ,Peel,2409480,80318.92975,91511.25682,4/6/2020
2020,York DWS,5,May      ,Peel,2975180,95865.14052,133366.177,5/26/2020
2020,York DWS,6,June     ,Peel,3400645,113033.745,149908.614,6/9/2020
2020,York DWS,7,July     ,Peel,3891600,125538.6251,166601.0661,7/9/2020
2020,York DWS,8,August   ,Peel,3399546,110029.8399,139307.5868,8/13/2020
2020,York DWS,9,September,Peel,3038870,101297.8039,117386.8055,9/3/2020
2020,York DWS,10,October  ,Peel,2742420,88464.9795,118054.6316,10/29/2020
2020,York DWS,11,November ,Peel,2625830,87592.59321,110119.0485,11/6/2020
2020,York DWS,12,December ,Peel,2760370,89088.39318,114670.6839,12/18/2020
2020,York DWS,1,January  ,Toronto,5840420.76,187750.1629,244689.9,1/5/2020
2020,York DWS,2,February ,Toronto,5326356.71,183350.099,259910.3,2/4/2020
2020,York DWS,3,March    ,Toronto,5719123.15,182647.5594,222147.3,3/7/2020
2020,York DWS,4,April    ,Toronto,5442815.68,183678.4107,237363.8,4/1/2020
2020,York DWS,5,May      ,Toronto,6170624.7,200002.22,301284.68,5/26/2020
2020,York DWS,6,June     ,Toronto,7320404.89,247051.398,335916.2295,6/29/2020
2020,York DWS,7,July     ,Toronto,8738223.21,282988.6716,307199.6581,7/13/2020
2020,York DWS,8,August   ,Toronto,7835212.43,251115.9881,368212.93,8/29/2020
2020,York DWS,9,September,Toronto,6734320.83,223429.5713,320907.81,9/13/2020
2020,York DWS,10,October  ,Toronto,5819219.02,190282.4777,281780.94,10/9/2020
2020,York DWS,11,November ,Toronto,5612839.45,185923.8023,229931.4,11/11/2020
2020,York DWS,12,December ,Toronto,5583972.72,180670.7707,264145.76,12/13/2020
