﻿REPORTING_YEAR,SYSTEM_NAME,REPORTING_MONTH,REPORTING_MONTH_TEXT,MONTHLY_VOL_m3,MONTHLY_AVG_DAILY_VOL_m3,FLOW_SOURCE
2020,Ansnorveldt DWS,1,January  ,1547.465,24.959,Production
2020,Ansnorveldt DWS,2,February ,1070.339,18.454,Production
2020,Ansnorveldt DWS,3,March    ,1131.799,18.255,Production
2020,Ansnorveldt DWS,4,April    ,1130.157,18.836,Production
2020,Ansnorveldt DWS,5,May      ,1619.356,26.119,Production
2020,Ansnorveldt DWS,6,June     ,1925.297,32.088,Production
2020,Ansnorveldt DWS,7,July     ,2233.704,36.027,Production
2020,Ansnorveldt DWS,8,August   ,1736.47,28.008,Production
2020,Ansnorveldt DWS,9,September,1401.75,23.362,Production
2020,Ansnorveldt DWS,10,October  ,1519.87,24.514,Production
2020,Ansnorveldt DWS,11,November ,1244.56,20.743,Production
2020,Ansnorveldt DWS,12,December ,1257.53,20.283,Production
2020,Aurora DWS,1,January  ,159949.9,859.946,Production
2020,Aurora DWS,2,February ,184638.1,1061.139,Production
2020,Aurora DWS,3,March    ,180387.3,969.824,Production
2020,Aurora DWS,4,April    ,172800.8,960.004,Production
2020,Aurora DWS,5,May      ,194769.9,1047.15,Production
2020,Aurora DWS,6,June     ,243606.9,1353.372,Production
2020,Aurora DWS,7,July     ,253512,1362.968,Production
2020,Aurora DWS,8,August   ,238862.2,1284.205,Production
2020,Aurora DWS,9,September,210620,1170.111,Production
2020,Aurora DWS,10,October  ,168764.8,907.338,Production
2020,Aurora DWS,11,November ,166626.1,930.872,Production
2020,Aurora DWS,12,December ,169454,911.043,Production
2020,Ballantrae/Musselman's Lake DWS,1,January  ,26360.6,283.447,Production
2020,Ballantrae/Musselman's Lake DWS,2,February ,26295.5,302.247,Production
2020,Ballantrae/Musselman's Lake DWS,3,March    ,28905.2,310.809,Production
2020,Ballantrae/Musselman's Lake DWS,4,April    ,30256.8,336.187,Production
2020,Ballantrae/Musselman's Lake DWS,5,May      ,41482.2,446.045,Production
2020,Ballantrae/Musselman's Lake DWS,6,June     ,70297.5,781.083,Production
2020,Ballantrae/Musselman's Lake DWS,7,July     ,92470.2,994.303,Production
2020,Ballantrae/Musselman's Lake DWS,8,August   ,64551.3,694.1,Production
2020,Ballantrae/Musselman's Lake DWS,9,September,48685,540.944,Production
2020,Ballantrae/Musselman's Lake DWS,10,October  ,33278,357.828,Production
2020,Ballantrae/Musselman's Lake DWS,11,November ,29704,330.044,Production
2020,Ballantrae/Musselman's Lake DWS,12,December ,30023.7,322.835,Production
2020,Georgina DWS,1,January  ,180111.5,1936.683,Production
2020,Georgina DWS,2,February ,182512,2097.839,Production
2020,Georgina DWS,3,March    ,177361.5,1907.113,Production
2020,Georgina DWS,4,April    ,170385.5,1893.172,Production
2020,Georgina DWS,5,May      ,200635,2157.366,Production
2020,Georgina DWS,6,June     ,224678.5,2496.428,Production
2020,Georgina DWS,7,July     ,267980,2881.505,Production
2020,Georgina DWS,8,August   ,242784.5,2610.586,Production
2020,Georgina DWS,9,September,211138,2345.978,Production
2020,Georgina DWS,10,October  ,198614,2135.634,Production
2020,Georgina DWS,11,November ,159018.5,1766.872,Production
2020,Georgina DWS,12,December ,160140.5,1721.941,Production
2020,Holland Landing DWS,1,January  ,32121,518.081,Production
2020,Holland Landing DWS,2,February ,29050,500.862,Production
2020,Holland Landing DWS,3,March    ,34299,553.21,Production
2020,Holland Landing DWS,4,April    ,35130,585.5,Production
2020,Holland Landing DWS,5,May      ,40713,656.661,Production
2020,Holland Landing DWS,6,June     ,45648,760.8,Production
2020,Holland Landing DWS,7,July     ,52526,847.194,Production
2020,Holland Landing DWS,8,August   ,41025,661.694,Production
2020,Holland Landing DWS,9,September,35463,591.05,Production
2020,Holland Landing DWS,10,October  ,32855,529.919,Production
2020,Holland Landing DWS,11,November ,32122.795,535.38,Production
2020,Holland Landing DWS,12,December ,48109.22,775.955,Production
2020,Keswick DWS,1,January  ,87658.48,2827.693,Production
2020,Keswick DWS,2,February ,68894.039,2375.657,Production
2020,Keswick DWS,3,March    ,95587.484,3083.467,Production
2020,Keswick DWS,4,April    ,88625.188,2954.173,Production
2020,Keswick DWS,5,May      ,93296.531,3009.566,Production
2020,Keswick DWS,6,June     ,102957.938,3431.931,Production
2020,Keswick DWS,7,July     ,103621.563,3342.631,Production
2020,Keswick DWS,8,August   ,82994.125,2677.23,Production
2020,Keswick DWS,9,September,82705.125,2756.838,Production
2020,Keswick DWS,10,October  ,83544.688,2694.99,Production
2020,Keswick DWS,11,November ,102825.063,3427.502,Production
2020,Keswick DWS,12,December ,106772.063,3444.26,Production
2020,Mount Albert DWS,1,January  ,32572.28,350.24,Production
2020,Mount Albert DWS,2,February ,33780.025,388.276,Production
2020,Mount Albert DWS,3,March    ,34933.13,375.625,Production
2020,Mount Albert DWS,4,April    ,34779.57,386.44,Production
2020,Mount Albert DWS,5,May      ,42575.82,457.805,Production
2020,Mount Albert DWS,6,June     ,45291.325,503.237,Production
2020,Mount Albert DWS,7,July     ,53948.75,580.094,Production
2020,Mount Albert DWS,8,August   ,42136.875,453.085,Production
2020,Mount Albert DWS,9,September,37260.555,414.006,Production
2020,Mount Albert DWS,10,October  ,37516.3,403.401,Production
2020,Mount Albert DWS,11,November ,38471.4,427.46,Production
2020,Mount Albert DWS,12,December ,39892.325,428.95,Production
2020,Newmarket DWS,1,January  ,159986.8,1025.556,Production
2020,Newmarket DWS,2,February ,123920.8,854.626,Production
2020,Newmarket DWS,3,March    ,137590.7,887.682,Production
2020,Newmarket DWS,4,April    ,143260.8,955.072,Production
2020,Newmarket DWS,5,May      ,154939.8,999.612,Production
2020,Newmarket DWS,6,June     ,163840.9,1092.273,Production
2020,Newmarket DWS,7,July     ,181031.2,1167.943,Production
2020,Newmarket DWS,8,August   ,163021.2,1051.75,Production
2020,Newmarket DWS,9,September,128298.3,855.322,Production
2020,Newmarket DWS,10,October  ,124630.8,804.07,Production
2020,Newmarket DWS,11,November ,132953.2,886.355,Production
2020,Newmarket DWS,12,December ,133529.2,861.479,Production
2020,Nobleton DWS,1,January  ,44998.375,483.853,Production
2020,Nobleton DWS,2,February ,43499.875,499.999,Production
2020,Nobleton DWS,3,March    ,47159.777,507.094,Production
2020,Nobleton DWS,4,April    ,48518.579,539.095,Production
2020,Nobleton DWS,5,May      ,66188.956,711.709,Production
2020,Nobleton DWS,6,June     ,86915.773,965.731,Production
2020,Nobleton DWS,7,July     ,100547.695,1081.158,Production
2020,Nobleton DWS,8,August   ,81834.656,879.943,Production
2020,Nobleton DWS,9,September,61363.68,681.819,Production
2020,Nobleton DWS,10,October  ,54449.563,585.479,Production
2020,Nobleton DWS,11,November ,46849.859,520.554,Production
2020,Nobleton DWS,12,December ,53565.063,575.968,Production
2020,Schomberg DWS,1,January  ,55882.8,600.89,Production
2020,Schomberg DWS,2,February ,53307.9,612.734,Production
2020,Schomberg DWS,3,March    ,53846.1,578.99,Production
2020,Schomberg DWS,4,April    ,51625,573.611,Production
2020,Schomberg DWS,5,May      ,58854.1,632.84,Production
2020,Schomberg DWS,6,June     ,60793.6,675.484,Production
2020,Schomberg DWS,7,July     ,66386.7,713.835,Production
2020,Schomberg DWS,8,August   ,63013.5,677.565,Production
2020,Schomberg DWS,9,September,60882.1,676.468,Production
2020,Schomberg DWS,10,October  ,68590.3,737.53,Production
2020,Schomberg DWS,11,November ,60124.1,668.046,Production
2020,Schomberg DWS,12,December ,58851.3,632.81,Production
2020,Sharon/Queensville DWS,1,January  ,137076,1105.452,Production
2020,Sharon/Queensville DWS,2,February ,122288.7,1054.213,Production
2020,Sharon/Queensville DWS,3,March    ,140479.6,1132.9,Production
2020,Sharon/Queensville DWS,4,April    ,112021.9,933.516,Production
2020,Sharon/Queensville DWS,5,May      ,118074.7,952.215,Production
2020,Sharon/Queensville DWS,6,June     ,158255.5,1318.796,Production
2020,Sharon/Queensville DWS,7,July     ,213693.5,1723.335,Production
2020,Sharon/Queensville DWS,8,August   ,176892,1426.548,Production
2020,Sharon/Queensville DWS,9,September,164358,1369.65,Production
2020,Sharon/Queensville DWS,10,October  ,136490,1100.726,Production
2020,Sharon/Queensville DWS,11,November ,123489,1029.075,Production
2020,Sharon/Queensville DWS,12,December ,121754,981.887,Production
2020,Stouffville DWS,1,January  ,101277.7,653.405,Production
2020,Stouffville DWS,2,February ,93210,642.828,Production
2020,Stouffville DWS,3,March    ,103910.2,670.388,Production
2020,Stouffville DWS,4,April    ,110269.2,735.128,Production
2020,Stouffville DWS,5,May      ,132228.3,853.086,Production
2020,Stouffville DWS,6,June     ,139679.4,931.196,Production
2020,Stouffville DWS,7,July     ,127480.5,822.455,Production
2020,Stouffville DWS,8,August   ,94374,608.865,Production
2020,Stouffville DWS,9,September,89607.35,597.382,Production
2020,Stouffville DWS,10,October  ,108472.6,699.823,Production
2020,Stouffville DWS,11,November ,107861.4,719.076,Production
2020,Stouffville DWS,12,December ,100978.5,651.474,Production
2020,York DWS - Markham,1,January  ,2606502.225,84080.717,Purchased
2020,York DWS - Markham,2,February ,2439804.206,84131.18,Purchased
2020,York DWS - Markham,3,March    ,2590723.932,83571.74,Purchased
2020,York DWS - Markham,4,April    ,2439070.224,81302.341,Purchased
2020,York DWS - Markham,5,May      ,2795282.584,90170.406,Purchased
2020,York DWS - Markham,6,June     ,3187732.105,106257.737,Purchased
2020,York DWS - Markham,7,July     ,3762263.941,121363.353,Purchased
2020,York DWS - Markham,8,August   ,3393738.416,109475.433,Purchased
2020,York DWS - Markham,9,September,2965224.817,98840.827,Purchased
2020,York DWS - Markham,10,October  ,2689429.633,86755.795,Purchased
2020,York DWS - Markham,11,November ,2581045.029,86034.834,Purchased
2020,York DWS - Markham,12,December ,2610981.373,84225.206,Purchased
2020,York DWS - Richmond Hill,1,January  ,1554975.567,50160.502,Purchased
2020,York DWS - Richmond Hill,2,February ,1460472.72,50361.128,Purchased
2020,York DWS - Richmond Hill,3,March    ,1565602.787,50503.316,Purchased
2020,York DWS - Richmond Hill,4,April    ,1495211.915,49840.397,Purchased
2020,York DWS - Richmond Hill,5,May      ,1750917.25,56481.202,Purchased
2020,York DWS - Richmond Hill,6,June     ,2037544.982,67918.166,Purchased
2020,York DWS - Richmond Hill,7,July     ,2359912.78,76126.219,Purchased
2020,York DWS - Richmond Hill,8,August   ,2057698.451,66377.369,Purchased
2020,York DWS - Richmond Hill,9,September,1810869.012,60362.3,Purchased
2020,York DWS - Richmond Hill,10,October  ,1619572.822,52244.285,Purchased
2020,York DWS - Richmond Hill,11,November ,1501120.387,50037.346,Purchased
2020,York DWS - Richmond Hill,12,December ,1616551.405,52146.82,Purchased
2020,York DWS - Vaughan,1,January  ,2971490.163,95854.521,Purchased
2020,York DWS - Vaughan,2,February ,2780151.275,95867.285,Purchased
2020,York DWS - Vaughan,3,March    ,2990137.272,96456.041,Purchased
2020,York DWS - Vaughan,4,April    ,2853169.975,95105.666,Purchased
2020,York DWS - Vaughan,5,May      ,3308016.296,106710.203,Purchased
2020,York DWS - Vaughan,6,June     ,3928203.509,130940.117,Purchased
2020,York DWS - Vaughan,7,July     ,4667358.6,150559.955,Purchased
2020,York DWS - Vaughan,8,August   ,4269884.51,137738.21,Purchased
2020,York DWS - Vaughan,9,September,3692958.476,123098.616,Purchased
2020,York DWS - Vaughan,10,October  ,3077192.054,99264.26,Purchased
2020,York DWS - Vaughan,11,November ,3075892.861,102529.762,Purchased
2020,York DWS - Vaughan,12,December ,2960425.682,95497.603,Purchased
